,"Instrument
Class",Series,"Supplier
Serial Number",WHOI #,OOI #,UID,Model,CGSN PN,Firmware Version,Supplier,"Current
Owner","Current
Location",Status,Latest Calibration Date,Incoming Inspection,QCT Testing,PreDeployment,Post Deployment,Refurbishment/ Repair,DO Number,Date Received,Deployment History,Current Deployment,Instrument Location on Current Deployment,Notes
469,FDCHP,A,15,116838,A01100,CGINS-FDCHPA-00015,DCFS,3305-00004-000S2,1.2,WHOI,Sheri White,Shipping,Spare,,,,,,,,2014-06-30 00:00:00,CP01CNSM-00006,GS 5 spare,,Goes with anemometer 141005  175008
472,FDCHP,A,20,118265,A02144,CGINS-FDCHPA-00020,DCFS,3305-00004-000S2,,WHOI,Sheri White,At Sea,Deployed,,3305-00100-00499,,,,,,2016-03-30 00:00:00,"CP01CNSM-00005
CP01CNSM-00008
Irm 5 spare",CP01CNSM-00010,Halo,Goes with anemometer 144727
473,FDCHP,A,21,117736,A01803,CGINS-FDCHPA-00021,DCFS,3305-00004-000S2,,WHOI,Sheri White,At Sea,Deployed,,3305-00100-00370,,,,,,2015-08-05 00:00:00,"GI01SUMO-00002
CP01CNSM-00007",GS01SUMO-00004,Halo,"Goes with anemometer 144903
Deployed with anemometer 174102 for GS01SUMO-00004"
474,FDCHP,A,22,117737,A01804,CGINS-FDCHPA-00022,DCFS,3305-00004-000S2,,WHOI,Sheri White,Lost at sea,Retired,,3305-00100-00370,,,,,,2015-08-05 00:00:00,"GS01SUMO-00002
GI01SUMO-00004",,,Goes with anemometer 144901  171403
475,FDCHP,A,23,117738,A01805,CGINS-FDCHPA-00023,DCFS,3305-00004-000S2,,WHOI,Sheri White,LOSOS High Bay,Recovered,,3305-00100-00370,,,,,,2015-08-05 00:00:00,"CP01CNSM-00004
GI Spare
CP01CNSM-00009",,,Goes with anemometer 144904
481,FDCHP,A,141809,118268,A01089,CGINS-FDCHPA-41809,DCFS,3305-00004-000S1,,WHOI,Sheri White,Disposed,Retired,,,,,,,,2014-08-11 00:00:00,CE02SHSM,,,"Goes with controller unit 17
Seriously damaged, replaced by 170601"
485,FDCHP,A,144902,118111,A02000,CGINS-FDCHPA-44902,DCFS,3305-00004-000S1,,WHOI,Sheri White,At OSU,Storage,,,,,,,,,,,,Goes with controller unit 24
488,FDCHP,A,162503,118433,A02201,CGINS-FDCHPA-62503,,,,,,LOSOS,Awaiting shipment,,,,,,,,,,,,"""Spare"" anemometer"
489,FDCHP,A,164401,118252,A02140,CGINS-FDCHPA-64401,DCFS,3305-00004-000S1,,WHOI,Sheri White,Shipping,Spare,,,,,,,,2016-11-10 00:00:00,,GS 5 spare,,
491,FDCHP,A,164403,118254,A02142,CGINS-FDCHPA-64403,DCFS,3305-00004-000S1,,WHOI,Sheri White,Smith Bldg.,Testing,,,,,,,,2016-11-10 00:00:00,,,,
492,FDCHP,A,170601,118462,A02207,CGINS-FDCHPA-70601,DCFS,3305-00004-000S1,,,,Shipped to OSU,Storage,,,,,,,WHOI PO# E118489,2017-05-18 00:00:00,,,,"Goes with controller unit 17
Replacement for 141809"
495,FDCHP,A,175008,,,,,,,,,Smith Bldg.,Testing,,,,,,,,,,,,"Goes with controller unit 15
Replacement for 141005"
586,METBK,A,37-13472,117818,A01860,CGINS-METCTD-13472,37SM,3305-00003-000H1,3.1,STAR/SeaBird,Sheri White,LOSOS Cage,Pioneer Spare,,"3305-00100-00337
3305-00100-00565
3305-00100-00847","3305-00116-00029
3305-00116-00106",,,"3305-00900-00135
3305-00900-00311",WHOI_Contract_05-21-2012_METBK-1005  (E116704),,"CP03ISSM-00003
CP03ISSM-00006",Pioneer 10 Spare,,
589,METBK,A,37-13544,117821,A01863,CGINS-METCTD-13544,37SM,3305-00003-000H1,3.1,STAR/SeaBird,Sheri White,LOSOS 202,Storage,,"3305-00100-00336
3305-00100-00565
3305-00100-00847","3305-00116-00032
3305-00116-00058
3305-00116-00107",,,"3305-00900-00135
3305-00900-00312",WHOI_Contract_05-21-2012_METBK-1005  (E116704),,"CP04OSSM-00003
CP04OSSM-00006",,,
591,METBK,A,37-13546,117823,A01865,CGINS-METCTD-13546,37SM,3305-00003-000H1,,STAR/SeaBird,Sheri White,Shipping,Recovered,,"3305-00100-00336
3305-00100-00535","3305-00116-00034
3305-00116-00053",,,3305-00900-00121,WHOI_Contract_05-21-2012_METBK-1005  (E116704),,"CP01CNSM-00004
GS01SUMO-00003",,,
620,METBK,A,BPR266,117824,A01866,CGINS-METBPR-00266,BPR,3305-00003-000F1,,STAR,Sheri White,LOSOS 203,(Un)calibrated,,,,,,,WHOI_Contract_05-21-2012_METBK-1005  (E116704),,"CP01CNSM-00004
CP01CNSM-00007",,METBK 1,
621,METBK,A,BPR267,117825,A01867,CGINS-METBPR-00267,BPR,3305-00003-000F1,,STAR,Sheri White,LOSOS 203,(Un)calibrated,,,,,,,WHOI_Contract_05-21-2012_METBK-1005  (E116704),,"CP04OSSM-00003
CP04OSSM-00006",,METBK 1,
622,METBK,A,BPR268,117826,A01868,CGINS-METBPR-00268,BPR,3305-00003-000F1,,STAR,Sheri White,LOSOS High Bay,Recovered,,,,,,,WHOI_Contract_05-21-2012_METBK-1005  (E116704),,"CP03ISSM-00003
CP01CNSM-00009",,,
623,METBK,A,BPR269,117827,A01869,CGINS-METBPR-00269,BPR,3305-00003-000F1,,STAR,Sheri White,At Sea,Deployed,,,,,,,WHOI_Contract_05-21-2012_METBK-1005  (E116704),,GS01SUMO-00002,CP01CNSM-00010,METBK 1,
624,METBK,A,BPR270,117828,A01870,CGINS-METBPR-00270,BPR,3305-00003-000F1,,STAR,Sheri White,At Sea,Deployed,,,,,,,WHOI_Contract_05-21-2012_METBK-1005  (E116704),,CP01CNSM-00007,CP01CNSM-00010,METBK 2,
625,METBK,A,BPR271,117829,A01871,CGINS-METBPR-00271,BPR,3305-00003-000F1,,STAR,Sheri White,At Sea,Deployed,,,,,,,WHOI_Contract_05-21-2012_METBK-1005  (E116704),,CP04OSSM-00005,GS01SUMO-00004,METBK 2,
626,METBK,A,BPR272,117830,A01872,CGINS-METBPR-00272,BPR,3305-00003-000F1,,STAR,Sheri White,Clark Cal Lab,Refurbishment,,,,,,,WHOI_Contract_05-21-2012_METBK-1005  (E116704),,CP01CNSM-00008,,METBK 2,
627,METBK,A,BPR273,117831,A01873,CGINS-METBPR-00273,BPR,3305-00003-000F1,,STAR,Sheri White,Armstrong,Spare,,,,,,,WHOI_Contract_05-21-2012_METBK-1005  (E116704),,GA01SUMO-00003,Pioneer 11 Spare,METBK 1,
656,METBK,A,HRH289,117095,A01280,CGINS-METHRH-00289,HRH,3305-00003-000B1,,STAR,Sheri White,LOSOS 203,(Un)calibrated,,,,,,,WHOI_Contract_05-21-2012_METBK-1004  (E116312),,"CP03ISSM-00003
CP04OSSM-00006",,METBK 1,
657,METBK,A,HRH291,117832,A01874,CGINS-METHRH-00291,HRH,3305-00003-000B1,,STAR,Sheri White,LOSOS High Bay,Recovered,,,,,,,WHOI_Contract_05-21-2012_METBK-1005  (E116704),,"GS01SUMO-00002
CP01CNSM-00009",,,
658,METBK,A,HRH292,117833,A01875,CGINS-METHRH-00292,HRH,3305-00003-000B1,,STAR,Sheri White,LOSOS High Bay,Integration,,,,,,,WHOI_Contract_05-21-2012_METBK-1005  (E116704),,"EA
CP04OSSM-00005",CP03ISSM-00009,METBK 1,
659,METBK,A,HRH293,117834,A01876,CGINS-METHRH-00293,HRH,3305-00003-000B1,,STAR,Sheri White,LOSOS 203,(Un)calibrated,,,,,,,WHOI_Contract_05-21-2012_METBK-1005  (E116704),,"CP01CNSM-00004
CP03ISSM-00006",,METBK 1,
661,METBK,A,HRH295,117836,A01878,CGINS-METHRH-00295,HRH,3305-00003-000B1,,STAR,Sheri White,LOSOS 203,Uncalibrated,,,,,,,WHOI_Contract_05-21-2012_METBK-1005  (E116704),,GI01SUMO-00003,,METBK 1,
662,METBK,A,HRH296,117837,A01878,CGINS-METHRH-00296,HRH,3305-00003-000B1,,STAR,Sheri White,Shipping,Recovered,,,,,,,WHOI_Contract_05-21-2012_METBK-1005  (E116704),,GS01SUMO-00003,,,
663,METBK,A,HRH297,117838,A01880,CGINS-METHRH-00297,HRH,3305-00003-000B1,,STAR,Sheri White,At Sea,Deployed,,,,,,,WHOI_Contract_05-21-2012_METBK-1005  (E116704),,"CP01CNSM-00004
CP01CNSM-00007",GS01SUMO-00004,METBK 1,
664,METBK,A,HRH298,117839,A01881,CGINS-METHRH-00298,HRH,3305-00003-000B1,,STAR,Sheri White,At Sea,Deployed,,,,,,,WHOI_Contract_05-21-2012_METBK-1005  (E116704),,GI01SUMO-00003,CP03ISSM-00009,METBK 1,
667,METBK,A,HRH362,118244,A02136,CGINS-METHRH-00362,HRH,3305-00003-000B1,,STAR,Sheri White,LOSOS High Bay,Recovered,,3305-00100-00616,,,,,,2016-11-03 00:00:00,CP03ISSM-00008,,,
687,METBK,A,LGR020,,,CGINS-METLGR-00020,Data Logger,3305-00003-000G1,,STAR,Sheri White,LOSOS 202 EE,Calibrated,,,,,,,WHOI_Contract_05-21-2012_METBK-1003  (D100188),,GA01SUMO-00002,,,
732,METBK,A,LWR281,116322,A00746,CGINS-METLWR-00281,LWR,3305-00003-000E1,,STAR,Sheri White,LOSOS 203,Uncalibrated,,,,,,,WHOI_Contract_05-21-2012_METBK-1003  (D100188),,"EA
CP01CNSM-00006",,METBK 1,
741,METBK,A,LWR291,117841,A01883,CGINS-METLWR-00291,LWR,3305-00003-000E1,,STAR,Sheri White,Shipped 7/12/17,OSU,,,,,,,WHOI_Contract_05-21-2012_METBK-1005  (E116704),,,,,
742,METBK,A,LWR292,118122,A02008,CGINS-METLWR-00292,LWR,3305-00003-000E1,,STAR,Sheri White,LOSOS 203,(Un)calibrated,,,,,,,WHOI_Contract_05-21-2012_METBK-1005  (E116704),,"CP01CNSM-00004
CP01CNSM-00007",,METBK 2,
743,METBK,A,LWR293,118123,A02009,CGINS-METLWR-00293,LWR,3305-00003-000E1,,STAR,Sheri White,LOSOS 202,Recovered,,,,,,,WHOI_Contract_05-21-2012_METBK-1005  (E116704),,CP01CNSM-00008,,METBK 2,no data on Neil's list
744,METBK,A,LWR294,117844,A01886,CGINS-METLWR-00294,LWR,3305-00003-000E1,,STAR,Sheri White,LOSOS 203,Uncalibrated,,,,,,,WHOI_Contract_05-21-2012_METBK-1005  (E116704),,,,,
745,METBK,A,LWR295,117845,A01886,CGINS-METLWR-00295,LWR,3305-00003-000E1,,STAR,Sheri White,LOSOS 202,Recovered,,,,,,,WHOI_Contract_05-21-2012_METBK-1005  (E116704),,CP03ISSM-00007,,METBK 1,
746,METBK,A,LWR296,118124,A02010,CGINS-METLWR-00296,LWR,3305-00003-000E1,,STAR,Sheri White,LOSOS 202,Recovered,,,,,,,WHOI_Contract_05-21-2012_METBK-1005  (E116704),,CP04OSSM-00007,,METBK 1,
747,METBK,A,LWR297,117847,A01889,CGINS-METLWR-00297,LWR,3305-00003-000E1,,STAR,Sheri White,At Sea,Deployed,,,,,,,WHOI_Contract_05-21-2012_METBK-1005  (E116704),,,CP04OSSM-00009,METBK 1,
748,METBK,A,LWR298,117848,A01890,CGINS-METLWR-00298,LWR,3305-00003-000E1,,STAR,Sheri White,LOSOS 203,Calibrated,,,,,,,WHOI_Contract_05-21-2012_METBK-1005  (E116704),,,,,
749,METBK,A,LWR299,117849,A01882,CGINS-METLWR-00299,LWR,3305-00003-000E1,,STAR,Sheri White,OSU,OSU,,,,,,,WHOI_Contract_05-21-2012_METBK-1006  (P000711),,,,,
750,METBK,A,LWR313,118246,A01238,CGINS-METLWR-313,LWR,3305-00003-000E1,,STAR,Sheri White,Lost at sea,Retired,,3305-00100-00616,,,,,,2016-11-03 00:00:00,GI01SUMO-00004,,METBK 2,
751,METBK,A,PRC231,115298,A00186,CGINS-METPRC-00231,PRC,3305-00003-000C1,,STAR,Sheri White,At Sea,Deployed,,3305-00100-00045,,,,,WHOI_Contract_05-21-2012_METBK-1001  (J100021),2012-12-28 00:00:00,"CP01CNSM-00001
GS01SUMO-00001
GI01SUMO-00003",GI01SUMO-00005,METBK 2,
778,METBK,A,PRC263,117850,A01892,CGINS-METPRC-00263,PRC,3305-00003-000C1,,STAR,Sheri White,LOSOS 203,(Un)calibrated,,,,,,,WHOI_Contract_05-21-2012_METBK-1005  (E116704),,"EA
CP01CNSM-00007",,METBK 1,
779,METBK,A,PRC264,117851,A01893,CGINS-METPRC-00264,PRC,3305-00003-000C1,,STAR,Sheri White,LOSOS 203,(Un)calibrated,,,,,,,WHOI_Contract_05-21-2012_METBK-1005  (E116704),,"CP04OSSM-00003
CP01CNSM-00007",,METBK 2,
781,METBK,A,PRC266,117853,A01895,CGINS-METPRC-00266,PRC,3305-00003-000C1,,STAR,Sheri White,LOSOS High Bay,Recovered,,,,,,,WHOI_Contract_05-21-2012_METBK-1005  (E116704),,"GS01SUMO-00002
CP01CNSM-00009",,,
782,METBK,A,PRC267,117854,A01896,CGINS-METPRC-00267,PRC,3305-00003-000C1,,STAR,Sheri White,LOSOS 203,Uncalibrated,,,,,,,WHOI_Contract_05-21-2012_METBK-1005  (E116704),,,,,no data on Neil's list
783,METBK,A,PRC268,117855,A01897,CGINS-METPRC-00268,PRC,3305-00003-000C1,,STAR,Sheri White,LOSOS High Bay,Recovered,,,,,,,WHOI_Contract_05-21-2012_METBK-1005  (E116704),,"CP01CNSM-00006
CP01CNSM-00009",,,no data on Neil's list
784,METBK,A,PRC269,117856,A01897,CGINS-METPRC-00269,PRC,3305-00003-000C1,,STAR,Sheri White,LOSOS 203,Uncalibrated,,,,,,,WHOI_Contract_05-21-2012_METBK-1005  (E116704),,GA01SUMO-00003,,METBK 1,no data on Neil's list
785,METBK,A,PRC270,117857,A01899,CGINS-METPRC-00270,PRC,3305-00003-000C1,,STAR,Sheri White,Shipping,Recovered,,,,,,,WHOI_Contract_05-21-2012_METBK-1005  (E116704),,GS01SUMO-00003,,,no data on Neil's list
786,METBK,A,PRC271,118121,A02007,CGINS-METPRC-00271,PRC,3305-00003-000C1,,STAR,Sheri White,LOSOS 203,Recalibration,,,,,,,WHOI_Contract_05-21-2012_METBK-1006  (P000711),,CP01CNSM-00004,,METBK 1,
789,METBK,A,PRC276,118245,A02137,CGINS-METPRC-00276,PRC,3305-00003-000C1,,STAR,Sheri White,At Sea,Deployed,,3305-00100-00616,,,,,,2016-11-03 00:00:00,CP01CNSM-00008,CP04OSSM-00009,METBK 1,
795,METBK,A,SWND234,116055,A00606,CGINS-METWND-00234,WND,3305-00003-000A1,,STAR,Sheri White,At Sea,Deployed,,,,,,,WHOI_Contract_05-21-2012_METBK-1003  (D100188), 01/08/2014,"GI01SUMO-00002
CP01CNSM-00007",CP04OSSM-00009,METBK 1,
818,METBK,A,SWND258,117859,A01901,CGINS-METWND-00258,WND,3305-00003-000A1,,STAR,Sheri White,LOSOS High Bay,Recovered,,,,,,,WHOI_Contract_05-21-2012_METBK-1005  (E116704),,"CP04OSSM-00005
CP04OSSM-00008",,,
821,METBK,A,SWND261,117862,A01904,CGINS-METWND-00261,WND,3305-00003-000A1,,STAR,Sheri White,LOSOS 203,Recalibration,,,,,,,WHOI_Contract_05-21-2012_METBK-1005  (E116704),,CP04OSSM-00003,,,
822,METBK,A,SWND262,117863,A01905,CGINS-METWND-00262,WND,3305-00003-000A1,,STAR,Sheri White,LOSOS 203,Uncalibrated,,,,,,,WHOI_Contract_05-21-2012_METBK-1005  (E116704),,,,,
823,METBK,A,SWND263,117864,A01906,CGINS-METWND-00263,WND,3305-00003-000A1,,STAR,Sheri White,LOSOS 203,Uncalibrated,,,,,,,WHOI_Contract_05-21-2012_METBK-1005  (E116704),,,,,no data on Neil's list
824,METBK,A,SWND264,117865,A01907,CGINS-METWND-00264,WND,3305-00003-000A1,,STAR,Sheri White,Armstrong,Spare,,,,,,,WHOI_Contract_05-21-2012_METBK-1005  (E116704),,"CP01CNSM-00004
CP03ISSM-00005
CP01CNSM-00008",Pioneer 11 Spare,METBK 2,
825,METBK,A,SWND265,,,CGINS-METWND-00265,WND,3305-00003-000A1,,STAR,Sheri White,Shipping,Spare,,,,,,,WHOI_Contract_05-21-2012_METBK-1005  (E116704),,GA01SUMO-00003,GS 5 spare,METBK 2,no data on Neil's list
827,METBK,A,SWND268,118243,A02136,CGINS-METWND-00268,WND,3305-00003-000A1,,STAR,Sheri White,LOSOS High Bay,Recovered,,3305-00100-00616,,,,,,2016-11-03 00:00:00,CP01CNSM-00009,,,
828,METBK,A,SWND269,118242,A02134,CGINS-METWND-00269,WND,3305-00003-000A1,,STAR,Sheri White,At Sea,Deployed,,3305-00100-00616,,,,,,2016-11-03 00:00:00,CP01CNSM-00009,CP01CNSM-00010,METBK 2,"7/26/18: Shows deployed on CP01CNSM-00009, but integrating on CP01CNSM-00010 - HAVE PICS OF SN FOR BOTH DEPLOYMENTS;  Need to check WHOI/OOI tag during recovery of CNSM-9 - checked & recovered SWND269 has tags matching those listed in this ss (RGT); **will need to check SWND269 on CNSM-10 when recovered on Pioneer 12"
864,METBK,A,SWR286,117867,A01909,CGINS-METSWR-00286,SWR,3305-00003-000D1,,STAR,Sheri White,Clark Cal Lab,Recalibration,,,,,,,WHOI_Contract_05-21-2012_METBK-1005  (E116704),,,,,
865,METBK,A,SWR287,117868,A01910,CGINS-METSWR-00287,SWR,3305-00003-000D1,,STAR,Sheri White,At Sea,Deployed,,,,,,,WHOI_Contract_05-21-2012_METBK-1005  (E116704),,CP03ISSM-00006,CP04OSSM-00009,METBK 1,
866,METBK,A,SWR288,117869,A01911,CGINS-METSWR-00288,SWR,3305-00003-000D1,,STAR,Sheri White,LOSOS High Bay,Recovered,,,,,,,WHOI_Contract_05-21-2012_METBK-1005  (E116704),,CP03ISSM-00008,,,
867,METBK,A,SWR289,117870,A01912,CGINS-METSWR-00289,SWR,3305-00003-000D1,,STAR,Sheri White,LOSOS 203,(Un)calibrated,,,,,,,WHOI_Contract_05-21-2012_METBK-1005  (E116704),,CP01CNSM-00007,,METBK 1,
868,METBK,A,SWR290,117871,A01913,CGINS-METSWR-00290,SWR,3305-00003-000D1,,STAR,Sheri White,LOSOS High Bay,Recovered,,,,,,,WHOI_Contract_05-21-2012_METBK-1005  (E116704),,CP04OSSM-00008,,,
869,METBK,A,SWR291,117872,A01914,CGINS-METSWR-00291,SWR,3305-00003-000D1,,STAR,Sheri White,LOSOS 203,Recalibration,,,,,,,WHOI_Contract_05-21-2012_METBK-1005  (E116704),,,,,
870,METBK,A,SWR292,117873,A01915,CGINS-METSWR-00292,SWR,3305-00003-000D1,,STAR,Sheri White,LOSOS 202,Recovered,,,,,,,WHOI_Contract_05-21-2012_METBK-1005  (E116704),,CP03ISSM-00007,,,
871,METBK,A,SWR293,117874,A01916,CGINS-METSWR-00293,SWR,3305-00003-000D1,,STAR,Sheri White,At Sea,Deployed,,,,,,,WHOI_Contract_05-21-2012_METBK-1005  (E116704),,CP04OSSM-00006,CP01CNSM-00010,METBK 1,
872,METBK,A,SWR294,117849,A01917,CGINS-METSWR-00294,SWR,3305-00003-000D1,,STAR,Sheri White,LOSOS 202,Recovered,,,,,,,WHOI_Contract_05-21-2012_METBK-1006  (P000711),,CP01CNSM-00008,,METBK 2,
873,NUTNR,Battery,229,,,,,1336-00014-000B1,,Satlantic,Sheri White,LOSOS Cage,Storage,,"3305-00100-00019
3305-00100-00637",3305-00108-00004,,,3305-00900-00182,WH-SC12-5-NUTNR-1001,2012-09-26 00:00:00,"CP04OSSM-00004
CP04OSSM-00006",,NSIF,No instrument case. In brackets 
874,NUTNR,Battery,230,,,,,1336-00014-000B1,,Satlantic,Sheri White,LOSOS Cage,Recovered,,3305-00100-00019,3305-00108-00003,,,3305-00900-00109,WH-SC12-5-NUTNR-1001,2012-09-26 00:00:00,"GI Spare
GS01SUMO-00001
CP8 spare
CP03ISSM-00007",,NSIF,
896,NUTNR,Battery,290,,,,,1336-00014-000B1,,Satlantic,Sheri White,LOSOS Cage,Recovered,,3305-00100-00086,"3305-00108-00010
3305-00108-00066",,,"3305-00900-00063
3305-00900-00091",WH-SC12-05-NUTNR-1004,2013-08-12 00:00:00,"GI01SUMO-00001
CP04OSSM-00007",,NSIF,
897,NUTNR,Battery,291,,,,,1336-00014-000B1,,Satlantic,Sheri White,LOSOS Cage,Recovered,,3305-00100-00086,3305-00108-00011,,,3305-00900-00109,WH-SC12-05-NUTNR-1004,2013-08-12 00:00:00,"GS01SUMO-00001
CP01CNSM-00008",,NSIF,
898,NUTNR,Battery,292,,,,,1336-00014-000B1,,Satlantic,Sheri White,LOSOS High Bay,Recovered,,3305-00100-00086,3305-00108-00012,,,3305-00900-00091,WH-SC12-05-NUTNR-1004,2013-08-12 00:00:00,"GI01SUMO-00001
GA01SUMO-00003",,Bottom of Buoy,
899,NUTNR,Battery,332,,,,,1336-00014-000B1,,Satlantic,Sheri White,LOSOS Cage,Recovered,,3305-00100-00182,,,,,WH-SC12-05-NUTNR-1006,2014-06-26 00:00:00,"CP04OSSM-00001
GS01SUMO-00002",,,
900,NUTNR,Battery,333,,,,,1336-00014-000B1,,Satlantic,Sheri White,LOSOS Cage,Storage,,"3305-00100-00182
3305-00100-00637",,,,3305-00900-00182,WH-SC12-05-NUTNR-1006,2014-06-26 00:00:00,"CP03ISSM-00001
GS01SUMO-00003
GI Spare",,,5/2016: Removed from platform during burn in. No samples and battery fuse blown. Replaced both units
901,NUTNR,Battery,334,,,,,1336-00014-000B1,,Satlantic,Sheri White,LOSOS Cage,Storage,,3305-00100-00182,,,,3305-00900-00091,WH-SC12-05-NUTNR-1006,2014-06-26 00:00:00,"CP01CNSM-00002
CP01CNSM-00003
CP03ISSM-00005",,,
902,NUTNR,Battery,335,,,,,1336-00014-000B1,,Satlantic,Sheri White,Lost at sea,Retired,,"3305-00100-00182
3305-00100-00629",3305-00108-00065,,,,WH-SC12-05-NUTNR-1006,2014-06-26 00:00:00,"GS/A Spare
CP4 Spare
GI01SUMO-00002
GI01SUMO-00004",,Buoy,
903,NUTNR,Battery,357,,,,,1336-00014-000B1,,Satlantic,Sheri White,LOSOS Cage,Storage,,"3305-00100-00216
3305-00100-00521
3305-00100-00637",,,,"3305-00900-00092
3305-00900-00182",WH-SC12-05-NUTNR-1006,2014-09-24 00:00:00,"GA01SUMO-00001
CP03ISSM-00004
CP01CNSM-00007",,NSIF,
904,NUTNR,Battery,358,,,,,1336-00014-000B1,,Satlantic,Sheri White,LOSOS High Bay,Recovered,,"3305-00100-00216
3305-00100-00521",,,,3305-00900-00092,WH-SC12-05-NUTNR-1006,2014-09-24 00:00:00,"GA01SUMO-00001
GA01SUMO-00003",,NSIF,
905,NUTNR,Battery,363,,,,,1336-00014-000B1,,Satlantic,Sheri White,LOSOS Cage,Recovered,,3305-00100-00237,3305-00108-00022,,,3305-00900-00091,WH-SC12-05-NUTNR-1007,2014-11-10 00:00:00,"CP03ISSM-00002
CP04OSSM-00005",,NSIF,
906,NUTNR,Battery,364,,,,,1336-00014-000B1,,Satlantic,Sheri White,LOSOS 202,Recovered,,3305-00100-00237,3305-00108-00023,,,3305-00900-00091,WH-SC12-05-NUTNR-1007,2014-11-10 00:00:00,"CP04OSSM-00002
GI01SUMO-00003",,NSIF,
907,NUTNR,Battery,403,,,,,1336-00014-000B1,,Satlantic,Sheri White,LOSOS Cage,Storage,,3305-00100-00327,3305-00108-00028,,,,WH-SC12-05-NUTNR-1008,2015-06-18 00:00:00,GS01SUMO-00002,,,
908,NUTNR,Battery,404,,,,,1336-00014-000B1,,Satlantic,Sheri White,Destroyed,Retired,,"3305-00100-00327
3305-00100-00629","3305-00108-00025
3305-00108-00067",,,,WH-SC12-05-NUTNR-1008,2015-06-18 00:00:00,"GI01SUMO-00002
GI01SUMO-00004",,NSIF,
909,NUTNR,Battery,405,,,,,1336-00014-000B1,,Satlantic,Sheri White,LOSOS Cage,Recovered,,3305-00100-00327,3305-00108-00026,,,,WH-SC12-05-NUTNR-1008,2015-06-18 00:00:00,GA01SUMO-00002,,NSIF,
910,NUTNR,Battery,406,,,,,1336-00014-000B1,,Satlantic,Sheri White,LOSOS Cage,Recovered,,3305-00100-00327,3305-00108-00027,,,,WH-SC12-05-NUTNR-1008,2015-06-18 00:00:00,GA01SUMO-00002,,Bottom of Buoy,
911,NUTNR,Battery,412,,,,,1336-00014-000B1,,Satlantic,Sheri White,Shipping,Recovered,,3305-00100-00359,3305-00108-00035,,,3305-00900-00130,WH-SC12-05 NUTNR-1009,2015-08-10 00:00:00,"CP03ISSM-00003
GS01SUMO-00003",,,
912,NUTNR,Battery,413,,,,,1336-00014-000B1,,Satlantic,Sheri White,Shipping,Recovered,,3305-00100-00359,3305-00108-00033,,,3305-00900-00130,WH-SC12-05 NUTNR-1009,2015-08-10 00:00:00,"CP04OSSM-00003
GS01SUMO-00003",,,
913,NUTNR,Battery,414,,,,,1336-00014-000B1,,Satlantic,Sheri White,LOSOS Cage,Recovered,,3305-00100-00359,3305-00108-00034,,,3305-00900-00124,WH-SC12-05 NUTNR-1009,2015-08-10 00:00:00,"CP01CNSM-00004
CP01CNSM-00006",,NSIF,
914,NUTNR,Battery,415,,,,,1336-00014-000B1,,Satlantic,Sheri White,LOSOS Cage,Storage,,"3305-00100-00359
3305-00100-00637",3305-00108-00032,,,3305-00900-00182,WH-SC12-05 NUTNR-1009,2015-08-10 00:00:00,"CP01CNSM-00005
CP03ISSM-00006",,NSIF,
1086,UIMM,,716-0053,,,,Underwater Inductive Modem Module,1336-00012-000S1,1.14,SeaBird,Sheri White,LOSOS 202,Recovered,,3305-00100-00018,3305-00122-00034,,,,,,GA01SUMO-00003,,PCO2W-80m,
1087,UIMM,,716-0054,,,,Underwater Inductive Modem Module,1336-00012-000S1,1.14,SeaBird,Sheri White,LOSOS 202,Storage,,3305-00100-00018,3305-00122-00033,,,,,,GA/GS Spare,,PHSEN -20m,
1088,UIMM,,716-0073,,,,Underwater Inductive Modem Module,1336-00012-000S1,1.14,SeaBird,Sheri White,LOSOS 202,Storage,,,"3305-00122-00003
3305-00122-00041",,,,,,GA01SUMO-00001,,,
1089,UIMM,,716-0074,,,,Underwater Inductive Modem Module,1336-00012-000S1,1.14,SeaBird,Sheri White,LOSOS 202,Storage,,,"3305-00122-00002
3305-00122-00039",,,,,,GS01SUMO-00001,,,
1090,UIMM,,716-0075,,,,Underwater Inductive Modem Module,1336-00012-000S1,1.14,SeaBird,Sheri White,LOSOS 202,Recovered,,,3305-00122-00001,,,,,,"GA01SUMO-00001
GA01SUMO-00003",,PHSEN-100m,
1091,UIMM,,716-0076,,,,Underwater Inductive Modem Module,1336-00012-000S1,1.14,SeaBird,Sheri White,LOSOS 202,Storage,,,"3305-00122-00006
3305-00122-00068",,,,,,,,PHSEN-100m,
1092,UIMM,,716-0077,,,,Underwater Inductive Modem Module,1336-00012-000S1,1.14,SeaBird,Sheri White,LOSOS 202,Recovered,,,3305-00122-00005,,,,,,,,,
1093,UIMM,,716-0078,,,,Underwater Inductive Modem Module,1336-00012-000S1,1.14,SeaBird,Sheri White,,,,,"3305-00122-00004
3305-00122-00051",,,,,,,,,
1094,UIMM,,716-0080,,,,Underwater Inductive Modem Module,1336-00012-000S1,1.14,SeaBird,Sheri White,LOSOS 202,Storage,,3305-00100-00242,3305-00122-00010,,,,,,GA01SUMO-00001,,,
1095,UIMM,,716-0081,,,,Underwater Inductive Modem Module,1336-00012-000S1,1.14,SeaBird,Sheri White,,,,3305-00100-00242,"3305-00122-00011
3305-00122-00044",,,,,,GA01SUMO-00001,,,
1096,UIMM,,716-0082,,,,Underwater Inductive Modem Module,1336-00012-000S1,1.14,SeaBird,Sheri White,,,,3305-00100-00242,3305-00122-00043,,,,,,GA01SUMO-00001,,,
1097,UIMM,,716-0083,,,,Underwater Inductive Modem Module,1336-00012-000S1,1.14,SeaBird,Sheri White,LOSOS 202,Storage,,3305-00100-00242,"3305-00122-00008
3305-00122-00040",,,,,,GS01SUMO-00001,,,
1098,UIMM,,716-0084,,,,Underwater Inductive Modem Module,1336-00012-000S1,1.14,SeaBird,Sheri White,LOSOS 202,Storage,,3305-00100-00242,"3305-00122-00007
3305-00122-00027
3305-00122-00071",,,,,,,,,
1099,UIMM,,716-0085,,,,Underwater Inductive Modem Module,1336-00012-000S1,1.14,SeaBird,Sheri White,LOSOS 202,Storage,,3305-00100-00242,"3305-00122-00009
3305-00122-00038",,,,,,GS01SUMO-00001,,,
1100,UIMM,,716-0086,,,,Underwater Inductive Modem Module,1336-00012-000S1,1.14,SeaBird,Sheri White,LOSOS 202,Recovered,,3305-00100-00256,"3305-00122-00012
3305-00122-00022
3305-00122-00030
3305-00122-00035
3305-00122-00042",,,3305-00900-00051,,,,,,
1101,UIMM,,716-0087,,,,Underwater Inductive Modem Module,1336-00012-000S1,1.14,SeaBird,Sheri White,Destroyed,Retired,,3305-00100-00256,"3305-00122-00013
3305-00122-00048",,,,,,GI01SUMO-00004,,PHSEN - 20m,
1102,UIMM,,716-0088,,,,Underwater Inductive Modem Module,1336-00012-000S1,1.14,SeaBird,Sheri White,,,,3305-00100-00256,"3305-00122-00014
3305-00122-00049",,,,,,,,,
1103,UIMM,,716-0089,,,,Underwater Inductive Modem Module,1336-00012-000S1,1.14,SeaBird,Sheri White,,,,3305-00100-00256,"3305-00122-00015
3305-00122-00050",,,,,,,,,
1104,UIMM,,716-0090,,,,Underwater Inductive Modem Module,1336-00012-000S1,1.14,SeaBird,Sheri White,At Sea,Deployed,,3305-00100-00256,"3305-00122-00016
3305-00122-00072",,,,,,,GI01SUMO-00005,PCO2W - 130m,
1105,UIMM,,716-0091,,,,Underwater Inductive Modem Module,1336-00012-000S1,1.14,SeaBird,Sheri White,LOSOS 202,Storage,,3305-00100-00256,"3305-00122-00017
3305-00122-00070",,,,,,,,,
1106,UIMM,,716-0092,,,,Underwater Inductive Modem Module,1336-00012-000S1,1.14,SeaBird,Sheri White,LOSOS 202,Storage,,3305-00100-00256,"3305-00122-00018
3305-00122-00024
3305-00122-00075",,,,,,,,,
1107,UIMM,,716-0093,,,,Underwater Inductive Modem Module,1336-00012-000S1,1.14,SeaBird,Sheri White,LOSOS 202,Recovered,,3305-00100-00256,"3305-00122-00019
3305-00122-00023
3305-00122-00029
3305-00122-00036",,,3305-00900-00051,,,GA01SUMO-00003,,PHSEN-20m,
1108,UIMM,,716-0094,,,,Underwater Inductive Modem Module,1336-00012-000S1,1.14,SeaBird,Sheri White,LOSOS 202,Storage,,3305-00100-00256,"3305-00122-00020
3305-00122-00074",,,,,,,,,
1109,UIMM,,716-0095,,,,Underwater Inductive Modem Module,1336-00012-000S1,1.14,SeaBird,Sheri White,LOSOS 202,Recovered,,3305-00100-00256,3305-00122-00021,,,,,,GA/GS Spare,,,
1110,UIMM,,716-0101,,,,Underwater Inductive Modem Module,1336-00012-000S1,,SeaBird,Sheri White,At Sea,Deployed,,,,,,,,,GI02HYPM-00004,,,
1111,UIMM,,716-0102,,,,Underwater Inductive Modem Module,1336-00012-000S1,,SeaBird,Sheri White,At Sea,Deployed,,,,,,,,,GP02HYPM-00005,GP02HYPM-00005,Upper ZPLSG,
1112,UIMM,,716-0103,,,,Underwater Inductive Modem Module,1336-00012-000S1,,SeaBird,Sheri White,At Sea,Deployed,,,,,,,,,GP02HYPM-00005,GP02HYPM-00005,Lower ZPLSG,
1113,UIMM,,716-0108,,,,Underwater Inductive Modem Module,1336-00012-000S1,1.14,SeaBird,Sheri White,LOSOS 202,Recovered,,3305-00100-00423,"3305-00122-00028
3305-00122-00037",,,,,,GA01SUMO-00003,,PCO2W-130m,
1114,UIMM,,716-0109,,,,Underwater Inductive Modem Module,1336-00012-000S1,1.14,SeaBird,Sheri White,At Sea,Deployed,,3305-00100-00423,"3305-00122-00025
3305-00122-00069",,,,,,,GI01SUMO-00005,PHSEN-20m,
1115,UIMM,,716-0110,,,,Underwater Inductive Modem Module,1336-00012-000S1,1.14,SeaBird,Sheri White,At Sea,Deployed,,3305-00100-00423,"3305-00122-00026
3305-00122-00073",,,,,,,GI01SUMO-00005,PHSEN-100m,
1116,UIMM,,716-0111,,,,Underwater Inductive Modem Module,1336-00012-000S1,1.14,SeaBird,Sheri White,LOSOS North,Storage,,3305-00100-00412,3305-00122-00032,,,,,,,,,
1117,UIMM,,716-0113,,,,Underwater Inductive Modem Module,1336-00012-000S1,1.14,SeaBird,Sheri White,LOSOS 202,Recovered,,3305-00100-00412,3305-00122-00031,,,,,,GA01SUMO-00003,,PCO2W-40m,
1118,UIMM,,716-3751,,,,Underwater Inductive Modem Module,1336-00012-000S1,1.14,SeaBird,Sheri White,LOSOS 202,Storage,,3305-00100-00584,3305-00122-00045,,,,,,,,PCO2W-40m,
1119,UIMM,,716-3752,,,,Underwater Inductive Modem Module,1336-00012-000S1,1.14,SeaBird,Sheri White,LOSOS 202,Storage,,3305-00100-00584,3395-00122-00046,,,,,,,,PCO2W-80m,
1120,UIMM,,716-3753,,,,Underwater Inductive Modem Module,1336-00012-000S1,1.14,SeaBird,Sheri White,LOSOS 202,Storage,,3305-00100-00584,3305-00122-00047,,,,,,,,PCO2W-130m,
1121,UIMM,,716-3789,,,,Underwater Inductive Modem Module,1336-00012-000S1,1.14,SeaBird,Sheri White,LOSOS 202,Storage,,3305-00100-00600,3305-00122-00052,,,,,,,,,
1122,UIMM,,716-3790,,,,Underwater Inductive Modem Module,1336-00012-000S1,1.14,SeaBird,Sheri White,Destroyed,Retired,,3305-00100-00600,3305-00122-00053,,,,,,GI01SUMO-00004,,PCO2W-40m,
1123,UIMM,,716-3791,,,,Underwater Inductive Modem Module,1336-00012-000S1,1.14,SeaBird,Sheri White,Destroyed,Retired,,3305-00100-00600,3305-00122-00054,,,,,,GI01SUMO-00004,,PCO2W-80m,
1124,UIMM,,716-3792,,,,Underwater Inductive Modem Module,1336-00012-000S1,1.14,SeaBird,Sheri White,Destroyed,Retired,,3305-00100-00600,3305-00122-00055,,,,,,GI01SUMO-00004,,PCO2W-130m,
1125,UIMM,,716-3801,,,,Underwater Inductive Modem Module,1336-00012-000S1,1.14,SeaBird,Sheri White,Destroyed,Retired,,3305-00100-00608,3305-00122-00056,,,,,,GI01SUMO-00004,,PHSEN-100m,
1126,UIMM,,716-3802,,,,Underwater Inductive Modem Module,1336-00012-000S1,1.14,SeaBird,Sheri White,At Sea,Deployed,,3305-00100-00608,3305-00122-00057,,,,,,,GI01SUMO-00005,PCO2W-40m,
1127,UIMM,,716-3803,,,,Underwater Inductive Modem Module,1336-00012-000S1,1.14,SeaBird,Sheri White,At Sea,Deployed,,3305-00100-00608,3305-00122-00058,,,,,,,GI01SUMO-00005,PCO2W-80m,
1128,UIMM,,716-3804,,,,Underwater Inductive Modem,1336-00012-000S1,1.14,SeaBird,Sheri White,LOSOS 202,Integration,,3305-00100-00608,3305-00122-00060,,,,,,,,,
1129,UIMM,,716-3805,,,,Underwater Inductive Modem Module,1336-00012-000S1,1.14,SeaBird,Sheri White,LOSOS 202,Storage,,3305-00100-00608,3305-00122-00061,,,,,,,,,
1130,UIMM,,716-3806,,,,Underwater Inductive Modem Module,1336-00012-000S1,1.14,SeaBird,Sheri White,LOSOS 202,Storage,,3305-00100-00608,3305-00122-00059,,,3305-00900-00232,,,,,,
1131,UIMM,,716-3810,,,,Underwater Inductive Modem Module,1336-00012-000S1,1.14,SeaBird,Sheri White,At Sea,Deployed,,3305-00100-00608,"3305-00122-00062
3305-00122-00080",,,,,,,GS01SUMO-00004,PHSEN - 20m,
1132,UIMM,,716-3811,,,,Underwater Inductive Modem Module,1336-00012-000S1,1.14,SeaBird,Sheri White,At Sea,Deployed,,3305-00100-00608,"3305-00122-00063
3305-00122-00079",,,,,,,GS01SUMO-00004,PCO2W - 40m,
1133,UIMM,,716-3812,,,,Underwater Inductive Modem Module,1336-00012-000S1,1.14,SeaBird,Sheri White,At Sea,Deployed,,3305-00100-00608,"3305-00122-00064
3305-00122-00077",,,,,,,GS01SUMO-00004,PCO2W - 80m,
1134,UIMM,,716-3813,,,,Underwater Inductive Modem Module,1336-00012-000S1,1.14,SeaBird,Sheri White,At Sea,Deployed,,3305-00100-00608,"3305-00122-00065
3305-00122-00078",,,,,,,GS01SUMO-00004,PHSEN - 100m,
1135,UIMM,,716-3814,,,,Underwater Inductive Modem Module,1336-00012-000S1,1.14,SeaBird,Sheri White,At Sea,Deployed,,3305-00100-00608,"3305-00122-00066
3305-00122-00076",,,,,,,GS01SUMO-00004,PCO2W - 130m,
1136,UIMM,,716-3815,,,,Underwater Inductive Modem Module,1336-00012-000S1,1.14,SeaBird,Sheri White,LOSOS 202,Storage,,3305-00100-00608,3305-00122-00067,,,,,,,,,
1137,UIMM,,716-4338,,,,Underwater Inductive Modem Module,1336-00012-000S1,,SeaBird,Sheri White,At Sea,Deployed,,,,,,,,,,GI02HYPM-00005,Upper ZPLSG,
1138,UIMM,,716-4339,,,,Underwater Inductive Modem Module,1336-00012-000S1,,SeaBird,Sheri White,At Sea,Deployed,,,,,,,,,,GI02HYPM-00005,Lower ZPLSG,
1139,UIMM,,716-4350,,,,Underwater Inductive Modem Module,1336-00012-000S1,,SeaBird,Sheri White,At Sea,Deployed,,,,,,,,,GI02HYPM-00004,,,
1199,ZPLSG,A,55066,117766,A01827,CGINS-ZPLSCA-55066,AZFP,3305-00008-00001,3.08,ASL,Sheri White,LOSOS North,Storage,,"3305-00100-00381
3305-00100-00692","3305-00124-00012
3305-00124-00034
3305-00124-00056
3305-00124-00085",,,3305-00900-00185,WHOI_Contract_05162014_ZPLS-1001,,,,,from SIO
1200,ZPLSG,A,55067,117767,A01828,CGINS-ZPLSCA-55067,AZFP,3305-00008-00001,3.08,ASL,Sheri White,LOSOS North,Storage,2018-05-16 00:00:00,"3305-00100-00381
3305-00100-00926","3305-00124-00013
3305-00124-00035
3305-00124-00077",,,3305-00900-00346,WHOI_Contract_05162014_ZPLS-1001,,GA02HYPM-00003,,,from SIO
1201,ZPLSG,A,55068,117768,A01829,CGINS-ZPLSCA-55068,AZFP,3305-00008-00001,3.08,ASL,Sheri White,LOSOS North,Storage,,"3305-00100-00381
3305-00100-00692","3305-00124-00055
3305-00124-00087",,,3305-00900-00185,WHOI_Contract_05162014_ZPLS-1001,,,,,from SIO
1202,ZPLSG,A,55069,117769,A01830,CGINS-ZPLSCA-55069,AZFP,3305-00008-00001,3.08,ASL,Sheri White,LOSOS North,Storage,,3305-00100-00381,"3305-00124-00076
3305-00124-00088",,,,WHOI_Contract_05162014_ZPLS-1001,,,,,from SIO
1203,ZPLSG,A,55070,117770,"A01827
A01831",CGINS-ZPLSCA-55070,AZFP,3305-00008-00001,3.08,ASL,Sheri White,LOSOS North,Quad transducer only-vendor refurb,,3305-00100-00381,3305-00124-00081,,,3305-00900-00428 (quad transducer only),WHOI_Contract_05162014_ZPLS-1001,,,,,"from SIO
DEC 2018 - borrowing quad xducer for ZPLSC SN___"
1204,ZPLSG,A,55071,117771,"A01828
A01832",CGINS-ZPLSCA-55071,AZFP,3305-00008-00001,3.08,ASL,Sheri White,LOSOS North,Quad transducer only-vendor refurb,,3305-00100-00381,3305-00124-00082,,,3305-00900-00428 (quad transducer only),WHOI_Contract_05162014_ZPLS-1001,,,,,"from SIO
DEC 2018 - borrowing quad xducer for ZPLSC SN___"
1205,ZPLSG,A,55072,117772,"A01828
A01833",CGINS-ZPLSCA-55072,AZFP,3305-00008-00001,3.08,ASL,Sheri White,LOSOS North,Storage,,3305-00100-00381,"3305-00124-00018
3305-00124-00086",,,,WHOI_Contract_05162014_ZPLS-1001,,,,,from SIO
1206,ZPLSG,A,55073,117773,A01828,CGINS-ZPLSCA-55073,AZFP,3305-00008-00001,3.08,ASL,Sheri White,LOSOS North,Storage,2018-05-23 00:00:00,"3305-00100-00381
3305-00100-00926",3305-00124-00078,,,3305-00900-00346,WHOI_Contract_05162014_ZPLS-1001,,GA02HYPM-00003,,,from SIO
1207,ZPLSG,A,55092,117669,A01766,CGINS-ZPLSCA-55092,AZFP,3305-00008-00001,3.08,ASL,Sheri White,At Sea,Deployed,,"3305-00100-00387
3305-00100-00811","3305-00124-00019
3305-00124-00066",,,3305-00900-00258,WHOI_Contract_05162014_ZPLS-1002,2015-09-23 00:00:00,"GP02HYPM-00004
GP02HYPM-00006",GP02HYPM-00006,Downward looking,
1208,ZPLSG,A,55093,117670,A01767,CGINS-ZPLSCA-55093,AZFP,3305-00008-00001,3.08,ASL,Sheri White,At Sea,Deployed,,"3305-00100-00387
3305-00100-00811","3305-00124-00020
3305-00124-00065",,,3305-00900-00258,WHOI_Contract_05162014_ZPLS-1002,2015-09-23 00:00:00,"GP02HYPM-00004
GP02HYPM-00006",GP02HYPM-00006,Upward looking,
1209,ZPLSG,A,55094,117774,A01766,CGINS-ZPLSCA-55094,AZFP,3305-00008-00001,3.08,ASL,Sheri White,LOSOS North,Storage,,"3305-00100-00387
3305-00100-00821","3305-00124-00021
3305-00124-00071
3305-00124-00084",,,3305-00900-00282,WHOI_Contract_05162014_ZPLS-1002,2015-09-23 00:00:00,GI02HYPM-00003,,,
1210,ZPLSG,A,55095,117775,A01766,CGINS-ZPLSCA-55095,AZFP,3305-00008-00001,3.08,ASL,Sheri White,LOSOS North,Storage,,"3305-00100-00387
3305-00100-00821","3305-00124-00022
3305-00124-00072
3305-00124-00083",,,3305-00900-00282,WHOI_Contract_05162014_ZPLS-1002,2015-09-23 00:00:00,GI02HYPM-00003,,,
1211,ZPLSG,A,55104,118134,A02047,CGINS-ZPLSCA-55104,AZFP,3305-00008-00001,3.08,ASL,Sheri White,LOSOS 202,Storage,2018-11-01 00:00:00,"3305-00100-00570
3305-00100-10011",3305-00124-00097,,,3305-00900-00407,WHOI_Contract_05162014_ZPLS-1003,2016-08-16 00:00:00,GP02HYPM-00005,,,
1212,ZPLSG,A,55105,117937,A01951,CGINS-ZPLSCA-55105,AZFP,3305-00008-00001,3.08,ASL,Sheri White,LOSOS North,Storage,2018-04-30 00:00:00,"3305-00100-00491
3305-00100-00927","3305-00124-00031
3305-00124-00080",,,3305-00900-00341,WHOI_Contract_05162014_ZPLS-1003,2016-03-16 00:00:00,GS02HYPM-00003,,,
1213,ZPLSG,A,55106,117938,A01952,CGINS-ZPLSCA-55106,AZFP,3305-00008-00001,3.08,ASL,Sheri White,LOSOS North,Storage,2018-05-02 00:00:00,"3305-00100-00491
3305-00100-00927","3305-00124-00033
3305-00124-00079",,,3305-00900-00341,WHOI_Contract_05162014_ZPLS-1003,2016-03-16 00:00:00,GS02HYPM-00003,,,
1214,ZPLSG,A,55107,117939,A01953,CGINS-ZPLSCA-55107,AZFP,3305-00008-00001,3.08,ASL,Sheri White,LOSOS 202,Storage,2018-11-01 00:00:00,"3305-00100-00491
3305-00100-10012","3305-00124-00030
3305-00124-00096",,,3305-00900-00400,WHOI_Contract_05162014_ZPLS-1003,2016-03-16 00:00:00,GI02HYPM-00004,,,
1215,ZPLSG,A,55108,117940,A01954,CGINS-ZPLSCA-55108,AZFP,3305-00008-00001,3.15,ASL,Sheri White,LOSOS 202,Storage,2018-11-01 00:00:00,"3305-00100-00491
3305-00100-10012","3305-00124-00032
3305-00124-00099",,,3305-00900-00400,WHOI_Contract_05162014_ZPLS-1003,2016-03-16 00:00:00,GI02HYPM-00004,,,
1216,ZPLSG,A,55109,118135,A02048,CGINS-ZPLSCA-55109,AZFP,3305-00008-00001,,ASL,Sheri White,At Sea,Deployed,,3305-00100-00570,,,,,WHOI_Contract_05162014_ZPLS-1003,2016-08-16 00:00:00,,GI02HYPM-00005,Upward looking,
1217,ZPLSG,A,55110,118136,A02049,CGINS-ZPLSCA-55110,AZFP,3305-00008-00001,3.08,ASL,Sheri White,LOSOS 202,Storage,2018-11-13 00:00:00,"3305-00100-00570
3305-00100-10011","3305-00124-00039
3305-00124-00098",,,3305-00900-00407,WHOI_Contract_05162014_ZPLS-1003,2016-08-16 00:00:00,GP02HYPM-00005,,,
1218,ZPLSG,A,55111,118137,A02050,CGINS-ZPLSCA-55111,AZFP,3305-00008-00001,,ASL,Sheri White,At Sea,Deployed,,3305-00100-00570,3305-00124-00040,,,,WHOI_Contract_05162014_ZPLS-1003,2016-08-16 00:00:00,,GI02HYPM-00005,Downward looking,
1219,,,,,,,,,,,,,,,,,,,,,,,,,
1220,,,,,,,,,,,,,,,,,,,,,,,,,
1221,,,,,,,,,,,,,,,,,,,,,,,,,
1222,,,,,,,,,,,,,,,,,,,,,,,,,
1223,,,,,,,,,,,,,,,,,,,,,,,,,
1224,,,,,,,,,,,,,,,,,,,,,,,,,
1225,,,,,,,,,,,,At Sea,Deployed,,,,,,,,,,,,
1226,,,,,,,,,,,,Vendor,Refurbishment,,,,,,,,,,,,
