,RefDes,Method,Stream,pdId,Parameter Name,Units,Data Product Identifier,Level,Gross Range Values
0,CP01CNSM-MFD37-03-CTDBPD000,recovered_host,ctdbp_cdef_dcl_instrument_recovered,PD1,conductivity,S m-1,CONDWAT_L1,L1,"(0.0, 6.0)"
1,CP01CNSM-MFD37-03-CTDBPD000,recovered_inst,ctdbp_cdef_instrument_recovered,PD5,density,kg m-3,DENSITY_L2,L2,"(1000.0, 1100.0)"
2,CP01CNSM-MFD37-03-CTDBPD000,telemetered,ctdbp_cdef_dcl_instrument,PD1,conductivity,S m-1,CONDWAT_L1,L1,"(0.0, 6.0)"
3,CP01CNSM-RID27-03-CTDBPC000,recovered_host,ctdbp_cdef_dcl_instrument_recovered,PD1,conductivity,S m-1,CONDWAT_L1,L1,"(0.0, 6.0)"
4,CP01CNSM-RID27-03-CTDBPC000,recovered_inst,ctdbp_cdef_instrument_recovered,PD5,density,kg m-3,DENSITY_L2,L2,"(1000.0, 1100.0)"
5,CP01CNSM-RID27-03-CTDBPC000,telemetered,ctdbp_cdef_dcl_instrument,PD1,conductivity,S m-1,CONDWAT_L1,L1,"(0.0, 6.0)"
6,CP03ISSM-MFD37-03-CTDBPD000,recovered_host,ctdbp_cdef_dcl_instrument_recovered,PD1,conductivity,S m-1,CONDWAT_L1,L1,"(0.0, 6.0)"
7,CP03ISSM-MFD37-03-CTDBPD000,recovered_inst,ctdbp_cdef_instrument_recovered,PD5,density,kg m-3,DENSITY_L2,L2,"(1000.0, 1100.0)"
8,CP03ISSM-MFD37-03-CTDBPD000,telemetered,ctdbp_cdef_dcl_instrument,PD1,conductivity,S m-1,CONDWAT_L1,L1,"(0.0, 6.0)"
9,CP03ISSM-RID27-03-CTDBPC000,bad_recovered_inst,ctdbp_cdef_instrument_recovered,PD5,density,kg m-3,DENSITY_L2,L2,"(1000.0, 1100.0)"
10,CP03ISSM-RID27-03-CTDBPC000,bad_telemetered,ctdbp_cdef_dcl_instrument,PD1,conductivity,S m-1,CONDWAT_L1,L1,"(0.0, 6.0)"
11,CP03ISSM-RID27-03-CTDBPC000,recovered_host,ctdbp_cdef_dcl_instrument_recovered,PD1,conductivity,S m-1,CONDWAT_L1,L1,"(0.0, 6.0)"
12,CP03ISSM-RID27-03-CTDBPC000,recovered_inst,ctdbp_cdef_instrument_recovered,PD5,density,kg m-3,DENSITY_L2,L2,"(1000.0, 1100.0)"
13,CP03ISSM-RID27-03-CTDBPC000,telemetered,ctdbp_cdef_dcl_instrument,PD1,conductivity,S m-1,CONDWAT_L1,L1,"(0.0, 6.0)"
14,CP04OSSM-MFD37-03-CTDBPE000,recovered_host,ctdbp_cdef_dcl_instrument_recovered,PD1,conductivity,S m-1,CONDWAT_L1,L1,"(0.0, 6.0)"
15,CP04OSSM-MFD37-03-CTDBPE000,recovered_inst,ctdbp_cdef_instrument_recovered,PD5,density,kg m-3,DENSITY_L2,L2,"(1000.0, 1100.0)"
16,CP04OSSM-MFD37-03-CTDBPE000,telemetered,ctdbp_cdef_dcl_instrument,PD1,conductivity,S m-1,CONDWAT_L1,L1,"(0.0, 6.0)"
17,CP04OSSM-RID27-03-CTDBPC000,recovered_host,ctdbp_cdef_dcl_instrument_recovered,PD1,conductivity,S m-1,CONDWAT_L1,L1,"(0.0, 6.0)"
18,CP04OSSM-RID27-03-CTDBPC000,recovered_inst,ctdbp_cdef_instrument_recovered,PD5,density,kg m-3,DENSITY_L2,L2,"(1000.0, 1100.0)"
19,CP04OSSM-RID27-03-CTDBPC000,telemetered,ctdbp_cdef_dcl_instrument,PD1,conductivity,S m-1,CONDWAT_L1,L1,"(0.0, 6.0)"
20,GA01SUMO-RID16-03-CTDBPF000,bad_recovered_inst,ctdbp_cdef_instrument_recovered,PD5,density,kg m-3,DENSITY_L2,L2,"(1000.0, 1100.0)"
21,GA01SUMO-RID16-03-CTDBPF000,recovered_host,ctdbp_cdef_dcl_instrument_recovered,PD1,conductivity,S m-1,CONDWAT_L1,L1,"(0.0, 6.0)"
22,GA01SUMO-RID16-03-CTDBPF000,recovered_inst,ctdbp_cdef_instrument_recovered,PD5,density,kg m-3,DENSITY_L2,L2,"(1000.0, 1100.0)"
23,GA01SUMO-RID16-03-CTDBPF000,telemetered,ctdbp_cdef_dcl_instrument,PD1,conductivity,S m-1,CONDWAT_L1,L1,"(0.0, 6.0)"
24,GA01SUMO-RII11-02-CTDBPP031,recovered_host,ctdbp_p_dcl_instrument_recovered,PD1,conductivity,S m-1,CONDWAT_L1,L1,"(0.0, 6.0)"
25,GA01SUMO-RII11-02-CTDBPP031,recovered_inst,ctdbp_cdef_instrument_recovered,PD5,density,kg m-3,DENSITY_L2,L2,"(1000.0, 1100.0)"
26,GA01SUMO-RII11-02-CTDBPP031,telemetered,ctdbp_p_dcl_instrument,PD1,conductivity,S m-1,CONDWAT_L1,L1,"(0.0, 6.0)"
27,GA01SUMO-RII11-02-CTDBPP032,recovered_host,ctdbp_p_dcl_instrument_recovered,PD1,conductivity,S m-1,CONDWAT_L1,L1,"(0.0, 6.0)"
28,GA01SUMO-RII11-02-CTDBPP032,recovered_inst,ctdbp_cdef_instrument_recovered,PD5,density,kg m-3,DENSITY_L2,L2,"(1000.0, 1100.0)"
29,GA01SUMO-RII11-02-CTDBPP032,telemetered,ctdbp_p_dcl_instrument,PD1,conductivity,S m-1,CONDWAT_L1,L1,"(0.0, 6.0)"
30,GA01SUMO-RII11-02-CTDBPP033,recovered_host,ctdbp_p_dcl_instrument_recovered,PD1,conductivity,S m-1,CONDWAT_L1,L1,"(0.0, 6.0)"
31,GA01SUMO-RII11-02-CTDBPP033,recovered_inst,ctdbp_cdef_instrument_recovered,PD5,density,kg m-3,DENSITY_L2,L2,"(1000.0, 1100.0)"
32,GA01SUMO-RII11-02-CTDBPP033,telemetered,ctdbp_p_dcl_instrument,PD1,conductivity,S m-1,CONDWAT_L1,L1,"(0.0, 6.0)"
33,GI01SUMO-RID16-03-CTDBPF000,bad_recovered_inst,ctdbp_cdef_instrument_recovered,PD5,density,kg m-3,DENSITY_L2,L2,"(1000.0, 1100.0)"
34,GI01SUMO-RID16-03-CTDBPF000,recovered_host,ctdbp_cdef_dcl_instrument_recovered,PD1,conductivity,S m-1,CONDWAT_L1,L1,"(0.0, 6.0)"
35,GI01SUMO-RID16-03-CTDBPF000,recovered_inst,ctdbp_cdef_instrument_recovered,PD5,density,kg m-3,DENSITY_L2,L2,"(1000.0, 1100.0)"
36,GI01SUMO-RID16-03-CTDBPF000,telemetered,ctdbp_cdef_dcl_instrument,PD1,conductivity,S m-1,CONDWAT_L1,L1,"(0.0, 6.0)"
37,GI01SUMO-RII11-02-CTDBPP031,recovered_host,ctdbp_p_dcl_instrument_recovered,PD1,conductivity,S m-1,CONDWAT_L1,L1,"(0.0, 6.0)"
38,GI01SUMO-RII11-02-CTDBPP031,recovered_inst,ctdbp_cdef_instrument_recovered,PD5,density,kg m-3,DENSITY_L2,L2,"(1000.0, 1100.0)"
39,GI01SUMO-RII11-02-CTDBPP031,telemetered,ctdbp_p_dcl_instrument,PD1,conductivity,S m-1,CONDWAT_L1,L1,"(0.0, 6.0)"
40,GI01SUMO-RII11-02-CTDBPP032,recovered_host,ctdbp_p_dcl_instrument_recovered,PD1,conductivity,S m-1,CONDWAT_L1,L1,"(0.0, 6.0)"
41,GI01SUMO-RII11-02-CTDBPP032,recovered_inst,ctdbp_cdef_instrument_recovered,PD5,density,kg m-3,DENSITY_L2,L2,"(1000.0, 1100.0)"
42,GI01SUMO-RII11-02-CTDBPP032,telemetered,ctdbp_p_dcl_instrument,PD1,conductivity,S m-1,CONDWAT_L1,L1,"(0.0, 6.0)"
43,GI01SUMO-RII11-02-CTDBPP033,recovered_host,ctdbp_p_dcl_instrument_recovered,PD1,conductivity,S m-1,CONDWAT_L1,L1,"(0.0, 6.0)"
44,GI01SUMO-RII11-02-CTDBPP033,recovered_inst,ctdbp_cdef_instrument_recovered,PD5,density,kg m-3,DENSITY_L2,L2,"(1000.0, 1100.0)"
45,GI01SUMO-RII11-02-CTDBPP033,telemetered,ctdbp_p_dcl_instrument,PD1,conductivity,S m-1,CONDWAT_L1,L1,"(0.0, 6.0)"
46,GS01SUMO-RID16-03-CTDBPF000,recovered_host,ctdbp_cdef_dcl_instrument_recovered,PD1,conductivity,S m-1,CONDWAT_L1,L1,"(0.0, 6.0)"
47,GS01SUMO-RID16-03-CTDBPF000,recovered_inst,ctdbp_cdef_instrument_recovered,PD5,density,kg m-3,DENSITY_L2,L2,"(1000.0, 1100.0)"
48,GS01SUMO-RID16-03-CTDBPF000,telemetered,ctdbp_cdef_dcl_instrument,PD1,conductivity,S m-1,CONDWAT_L1,L1,"(0.0, 6.0)"
49,GS01SUMO-RII11-02-CTDBPP031,recovered_host,ctdbp_p_dcl_instrument_recovered,PD1,conductivity,S m-1,CONDWAT_L1,L1,"(0.0, 6.0)"
50,GS01SUMO-RII11-02-CTDBPP031,telemetered,ctdbp_p_dcl_instrument,PD1,conductivity,S m-1,CONDWAT_L1,L1,"(0.0, 6.0)"
51,GS01SUMO-RII11-02-CTDBPP032,bad_telemetered,ctdbp_p_dcl_instrument,PD1,conductivity,S m-1,CONDWAT_L1,L1,"(0.0, 6.0)"
52,GS01SUMO-RII11-02-CTDBPP032,recovered_host,ctdbp_p_dcl_instrument_recovered,PD1,conductivity,S m-1,CONDWAT_L1,L1,"(0.0, 6.0)"
53,GS01SUMO-RII11-02-CTDBPP032,recovered_inst,ctdbp_cdef_instrument_recovered,PD5,density,kg m-3,DENSITY_L2,L2,"(1000.0, 1100.0)"
54,GS01SUMO-RII11-02-CTDBPP032,telemetered,ctdbp_p_dcl_instrument,PD1,conductivity,S m-1,CONDWAT_L1,L1,"(0.0, 6.0)"
55,GS01SUMO-RII11-02-CTDBPP033,bad_telemetered,ctdbp_p_dcl_instrument,PD1,conductivity,S m-1,CONDWAT_L1,L1,"(0.0, 6.0)"
56,GS01SUMO-RII11-02-CTDBPP033,recovered_host,ctdbp_p_dcl_instrument_recovered,PD1,conductivity,S m-1,CONDWAT_L1,L1,"(0.0, 6.0)"
57,GS01SUMO-RII11-02-CTDBPP033,recovered_inst,ctdbp_cdef_instrument_recovered,PD5,density,kg m-3,DENSITY_L2,L2,"(1000.0, 1100.0)"
58,GS01SUMO-RII11-02-CTDBPP033,telemetered,ctdbp_p_dcl_instrument,PD1,conductivity,S m-1,CONDWAT_L1,L1,"(0.0, 6.0)"
59,CP01CNSM-MFD37-03-CTDBPD000,recovered_host,ctdbp_cdef_dcl_instrument_recovered,PD2,pressure,dbar,PRESWAT_L1,L1,"(0.0, 6000.0)"
61,CP01CNSM-MFD37-03-CTDBPD000,telemetered,ctdbp_cdef_dcl_instrument,PD2,pressure,dbar,PRESWAT_L1,L1,"(0.0, 6000.0)"
62,CP01CNSM-RID27-03-CTDBPC000,recovered_host,ctdbp_cdef_dcl_instrument_recovered,PD2,pressure,dbar,PRESWAT_L1,L1,"(0.0, 6000.0)"
64,CP01CNSM-RID27-03-CTDBPC000,telemetered,ctdbp_cdef_dcl_instrument,PD2,pressure,dbar,PRESWAT_L1,L1,"(0.0, 6000.0)"
65,CP03ISSM-MFD37-03-CTDBPD000,recovered_host,ctdbp_cdef_dcl_instrument_recovered,PD2,pressure,dbar,PRESWAT_L1,L1,"(0.0, 6000.0)"
67,CP03ISSM-MFD37-03-CTDBPD000,telemetered,ctdbp_cdef_dcl_instrument,PD2,pressure,dbar,PRESWAT_L1,L1,"(0.0, 6000.0)"
69,CP03ISSM-RID27-03-CTDBPC000,bad_telemetered,ctdbp_cdef_dcl_instrument,PD2,pressure,dbar,PRESWAT_L1,L1,"(0.0, 6000.0)"
70,CP03ISSM-RID27-03-CTDBPC000,recovered_host,ctdbp_cdef_dcl_instrument_recovered,PD2,pressure,dbar,PRESWAT_L1,L1,"(0.0, 6000.0)"
72,CP03ISSM-RID27-03-CTDBPC000,telemetered,ctdbp_cdef_dcl_instrument,PD2,pressure,dbar,PRESWAT_L1,L1,"(0.0, 6000.0)"
73,CP04OSSM-MFD37-03-CTDBPE000,recovered_host,ctdbp_cdef_dcl_instrument_recovered,PD2,pressure,dbar,PRESWAT_L1,L1,"(0.0, 6000.0)"
75,CP04OSSM-MFD37-03-CTDBPE000,telemetered,ctdbp_cdef_dcl_instrument,PD2,pressure,dbar,PRESWAT_L1,L1,"(0.0, 6000.0)"
76,CP04OSSM-RID27-03-CTDBPC000,recovered_host,ctdbp_cdef_dcl_instrument_recovered,PD2,pressure,dbar,PRESWAT_L1,L1,"(0.0, 6000.0)"
78,CP04OSSM-RID27-03-CTDBPC000,telemetered,ctdbp_cdef_dcl_instrument,PD2,pressure,dbar,PRESWAT_L1,L1,"(0.0, 6000.0)"
80,GA01SUMO-RID16-03-CTDBPF000,recovered_host,ctdbp_cdef_dcl_instrument_recovered,PD2,pressure,dbar,PRESWAT_L1,L1,"(0.0, 6000.0)"
82,GA01SUMO-RID16-03-CTDBPF000,telemetered,ctdbp_cdef_dcl_instrument,PD2,pressure,dbar,PRESWAT_L1,L1,"(0.0, 6000.0)"
83,GA01SUMO-RII11-02-CTDBPP031,recovered_host,ctdbp_p_dcl_instrument_recovered,PD2,pressure,dbar,PRESWAT_L1,L1,"(0.0, 6000.0)"
85,GA01SUMO-RII11-02-CTDBPP031,telemetered,ctdbp_p_dcl_instrument,PD2,pressure,dbar,PRESWAT_L1,L1,"(0.0, 6000.0)"
86,GA01SUMO-RII11-02-CTDBPP032,recovered_host,ctdbp_p_dcl_instrument_recovered,PD2,pressure,dbar,PRESWAT_L1,L1,"(0.0, 6000.0)"
88,GA01SUMO-RII11-02-CTDBPP032,telemetered,ctdbp_p_dcl_instrument,PD2,pressure,dbar,PRESWAT_L1,L1,"(0.0, 6000.0)"
89,GA01SUMO-RII11-02-CTDBPP033,recovered_host,ctdbp_p_dcl_instrument_recovered,PD2,pressure,dbar,PRESWAT_L1,L1,"(0.0, 6000.0)"
91,GA01SUMO-RII11-02-CTDBPP033,telemetered,ctdbp_p_dcl_instrument,PD2,pressure,dbar,PRESWAT_L1,L1,"(0.0, 6000.0)"
93,GI01SUMO-RID16-03-CTDBPF000,recovered_host,ctdbp_cdef_dcl_instrument_recovered,PD2,pressure,dbar,PRESWAT_L1,L1,"(0.0, 6000.0)"
95,GI01SUMO-RID16-03-CTDBPF000,telemetered,ctdbp_cdef_dcl_instrument,PD2,pressure,dbar,PRESWAT_L1,L1,"(0.0, 6000.0)"
96,GI01SUMO-RII11-02-CTDBPP031,recovered_host,ctdbp_p_dcl_instrument_recovered,PD2,pressure,dbar,PRESWAT_L1,L1,"(0.0, 6000.0)"
98,GI01SUMO-RII11-02-CTDBPP031,telemetered,ctdbp_p_dcl_instrument,PD2,pressure,dbar,PRESWAT_L1,L1,"(0.0, 6000.0)"
99,GI01SUMO-RII11-02-CTDBPP032,recovered_host,ctdbp_p_dcl_instrument_recovered,PD2,pressure,dbar,PRESWAT_L1,L1,"(0.0, 6000.0)"
101,GI01SUMO-RII11-02-CTDBPP032,telemetered,ctdbp_p_dcl_instrument,PD2,pressure,dbar,PRESWAT_L1,L1,"(0.0, 6000.0)"
102,GI01SUMO-RII11-02-CTDBPP033,recovered_host,ctdbp_p_dcl_instrument_recovered,PD2,pressure,dbar,PRESWAT_L1,L1,"(0.0, 6000.0)"
104,GI01SUMO-RII11-02-CTDBPP033,telemetered,ctdbp_p_dcl_instrument,PD2,pressure,dbar,PRESWAT_L1,L1,"(0.0, 6000.0)"
105,GS01SUMO-RID16-03-CTDBPF000,recovered_host,ctdbp_cdef_dcl_instrument_recovered,PD2,pressure,dbar,PRESWAT_L1,L1,"(0.0, 6000.0)"
107,GS01SUMO-RID16-03-CTDBPF000,telemetered,ctdbp_cdef_dcl_instrument,PD2,pressure,dbar,PRESWAT_L1,L1,"(0.0, 6000.0)"
108,GS01SUMO-RII11-02-CTDBPP031,recovered_host,ctdbp_p_dcl_instrument_recovered,PD2,pressure,dbar,PRESWAT_L1,L1,"(0.0, 6000.0)"
109,GS01SUMO-RII11-02-CTDBPP031,telemetered,ctdbp_p_dcl_instrument,PD2,pressure,dbar,PRESWAT_L1,L1,"(0.0, 6000.0)"
110,GS01SUMO-RII11-02-CTDBPP032,bad_telemetered,ctdbp_p_dcl_instrument,PD2,pressure,dbar,PRESWAT_L1,L1,"(0.0, 6000.0)"
111,GS01SUMO-RII11-02-CTDBPP032,recovered_host,ctdbp_p_dcl_instrument_recovered,PD2,pressure,dbar,PRESWAT_L1,L1,"(0.0, 6000.0)"
113,GS01SUMO-RII11-02-CTDBPP032,telemetered,ctdbp_p_dcl_instrument,PD2,pressure,dbar,PRESWAT_L1,L1,"(0.0, 6000.0)"
114,GS01SUMO-RII11-02-CTDBPP033,bad_telemetered,ctdbp_p_dcl_instrument,PD2,pressure,dbar,PRESWAT_L1,L1,"(0.0, 6000.0)"
115,GS01SUMO-RII11-02-CTDBPP033,recovered_host,ctdbp_p_dcl_instrument_recovered,PD2,pressure,dbar,PRESWAT_L1,L1,"(0.0, 6000.0)"
117,GS01SUMO-RII11-02-CTDBPP033,telemetered,ctdbp_p_dcl_instrument,PD2,pressure,dbar,PRESWAT_L1,L1,"(0.0, 6000.0)"
118,CP01CNSM-MFD37-03-CTDBPD000,recovered_host,ctdbp_cdef_dcl_instrument_recovered,PD5,density,kg m-3,DENSITY_L2,L2,"(1000.0, 1100.0)"
120,CP01CNSM-MFD37-03-CTDBPD000,telemetered,ctdbp_cdef_dcl_instrument,PD5,density,kg m-3,DENSITY_L2,L2,"(1000.0, 1100.0)"
121,CP01CNSM-RID27-03-CTDBPC000,recovered_host,ctdbp_cdef_dcl_instrument_recovered,PD5,density,kg m-3,DENSITY_L2,L2,"(1000.0, 1100.0)"
123,CP01CNSM-RID27-03-CTDBPC000,telemetered,ctdbp_cdef_dcl_instrument,PD5,density,kg m-3,DENSITY_L2,L2,"(1000.0, 1100.0)"
124,CP03ISSM-MFD37-03-CTDBPD000,recovered_host,ctdbp_cdef_dcl_instrument_recovered,PD5,density,kg m-3,DENSITY_L2,L2,"(1000.0, 1100.0)"
126,CP03ISSM-MFD37-03-CTDBPD000,telemetered,ctdbp_cdef_dcl_instrument,PD5,density,kg m-3,DENSITY_L2,L2,"(1000.0, 1100.0)"
128,CP03ISSM-RID27-03-CTDBPC000,bad_telemetered,ctdbp_cdef_dcl_instrument,PD5,density,kg m-3,DENSITY_L2,L2,"(1000.0, 1100.0)"
129,CP03ISSM-RID27-03-CTDBPC000,recovered_host,ctdbp_cdef_dcl_instrument_recovered,PD5,density,kg m-3,DENSITY_L2,L2,"(1000.0, 1100.0)"
131,CP03ISSM-RID27-03-CTDBPC000,telemetered,ctdbp_cdef_dcl_instrument,PD5,density,kg m-3,DENSITY_L2,L2,"(1000.0, 1100.0)"
132,CP04OSSM-MFD37-03-CTDBPE000,recovered_host,ctdbp_cdef_dcl_instrument_recovered,PD5,density,kg m-3,DENSITY_L2,L2,"(1000.0, 1100.0)"
134,CP04OSSM-MFD37-03-CTDBPE000,telemetered,ctdbp_cdef_dcl_instrument,PD5,density,kg m-3,DENSITY_L2,L2,"(1000.0, 1100.0)"
135,CP04OSSM-RID27-03-CTDBPC000,recovered_host,ctdbp_cdef_dcl_instrument_recovered,PD5,density,kg m-3,DENSITY_L2,L2,"(1000.0, 1100.0)"
137,CP04OSSM-RID27-03-CTDBPC000,telemetered,ctdbp_cdef_dcl_instrument,PD5,density,kg m-3,DENSITY_L2,L2,"(1000.0, 1100.0)"
139,GA01SUMO-RID16-03-CTDBPF000,recovered_host,ctdbp_cdef_dcl_instrument_recovered,PD5,density,kg m-3,DENSITY_L2,L2,"(1000.0, 1100.0)"
141,GA01SUMO-RID16-03-CTDBPF000,telemetered,ctdbp_cdef_dcl_instrument,PD5,density,kg m-3,DENSITY_L2,L2,"(1000.0, 1100.0)"
142,GA01SUMO-RII11-02-CTDBPP031,recovered_host,ctdbp_p_dcl_instrument_recovered,PD5,density,kg m-3,DENSITY_L2,L2,"(1000.0, 1100.0)"
144,GA01SUMO-RII11-02-CTDBPP031,telemetered,ctdbp_p_dcl_instrument,PD5,density,kg m-3,DENSITY_L2,L2,"(1000.0, 1100.0)"
145,GA01SUMO-RII11-02-CTDBPP032,recovered_host,ctdbp_p_dcl_instrument_recovered,PD5,density,kg m-3,DENSITY_L2,L2,"(1000.0, 1100.0)"
147,GA01SUMO-RII11-02-CTDBPP032,telemetered,ctdbp_p_dcl_instrument,PD5,density,kg m-3,DENSITY_L2,L2,"(1000.0, 1100.0)"
148,GA01SUMO-RII11-02-CTDBPP033,recovered_host,ctdbp_p_dcl_instrument_recovered,PD5,density,kg m-3,DENSITY_L2,L2,"(1000.0, 1100.0)"
150,GA01SUMO-RII11-02-CTDBPP033,telemetered,ctdbp_p_dcl_instrument,PD5,density,kg m-3,DENSITY_L2,L2,"(1000.0, 1100.0)"
152,GI01SUMO-RID16-03-CTDBPF000,recovered_host,ctdbp_cdef_dcl_instrument_recovered,PD5,density,kg m-3,DENSITY_L2,L2,"(1000.0, 1100.0)"
154,GI01SUMO-RID16-03-CTDBPF000,telemetered,ctdbp_cdef_dcl_instrument,PD5,density,kg m-3,DENSITY_L2,L2,"(1000.0, 1100.0)"
155,GI01SUMO-RII11-02-CTDBPP031,recovered_host,ctdbp_p_dcl_instrument_recovered,PD5,density,kg m-3,DENSITY_L2,L2,"(1000.0, 1100.0)"
157,GI01SUMO-RII11-02-CTDBPP031,telemetered,ctdbp_p_dcl_instrument,PD5,density,kg m-3,DENSITY_L2,L2,"(1000.0, 1100.0)"
158,GI01SUMO-RII11-02-CTDBPP032,recovered_host,ctdbp_p_dcl_instrument_recovered,PD5,density,kg m-3,DENSITY_L2,L2,"(1000.0, 1100.0)"
160,GI01SUMO-RII11-02-CTDBPP032,telemetered,ctdbp_p_dcl_instrument,PD5,density,kg m-3,DENSITY_L2,L2,"(1000.0, 1100.0)"
161,GI01SUMO-RII11-02-CTDBPP033,recovered_host,ctdbp_p_dcl_instrument_recovered,PD5,density,kg m-3,DENSITY_L2,L2,"(1000.0, 1100.0)"
163,GI01SUMO-RII11-02-CTDBPP033,telemetered,ctdbp_p_dcl_instrument,PD5,density,kg m-3,DENSITY_L2,L2,"(1000.0, 1100.0)"
164,GS01SUMO-RID16-03-CTDBPF000,recovered_host,ctdbp_cdef_dcl_instrument_recovered,PD5,density,kg m-3,DENSITY_L2,L2,"(1000.0, 1100.0)"
166,GS01SUMO-RID16-03-CTDBPF000,telemetered,ctdbp_cdef_dcl_instrument,PD5,density,kg m-3,DENSITY_L2,L2,"(1000.0, 1100.0)"
167,GS01SUMO-RII11-02-CTDBPP031,recovered_host,ctdbp_p_dcl_instrument_recovered,PD5,density,kg m-3,DENSITY_L2,L2,"(1000.0, 1100.0)"
168,GS01SUMO-RII11-02-CTDBPP031,telemetered,ctdbp_p_dcl_instrument,PD5,density,kg m-3,DENSITY_L2,L2,"(1000.0, 1100.0)"
169,GS01SUMO-RII11-02-CTDBPP032,bad_telemetered,ctdbp_p_dcl_instrument,PD5,density,kg m-3,DENSITY_L2,L2,"(1000.0, 1100.0)"
170,GS01SUMO-RII11-02-CTDBPP032,recovered_host,ctdbp_p_dcl_instrument_recovered,PD5,density,kg m-3,DENSITY_L2,L2,"(1000.0, 1100.0)"
172,GS01SUMO-RII11-02-CTDBPP032,telemetered,ctdbp_p_dcl_instrument,PD5,density,kg m-3,DENSITY_L2,L2,"(1000.0, 1100.0)"
173,GS01SUMO-RII11-02-CTDBPP033,bad_telemetered,ctdbp_p_dcl_instrument,PD5,density,kg m-3,DENSITY_L2,L2,"(1000.0, 1100.0)"
174,GS01SUMO-RII11-02-CTDBPP033,recovered_host,ctdbp_p_dcl_instrument_recovered,PD5,density,kg m-3,DENSITY_L2,L2,"(1000.0, 1100.0)"
176,GS01SUMO-RII11-02-CTDBPP033,telemetered,ctdbp_p_dcl_instrument,PD5,density,kg m-3,DENSITY_L2,L2,"(1000.0, 1100.0)"
177,CP01CNSM-MFD37-03-CTDBPD000,recovered_host,ctdbp_cdef_dcl_instrument_recovered,PD6,temp,ºC,TEMPWAT_L1,L1,"(-2.0, 40.0)"
179,CP01CNSM-MFD37-03-CTDBPD000,telemetered,ctdbp_cdef_dcl_instrument,PD6,temp,ºC,TEMPWAT_L1,L1,"(-2.0, 40.0)"
180,CP01CNSM-RID27-03-CTDBPC000,recovered_host,ctdbp_cdef_dcl_instrument_recovered,PD6,temp,ºC,TEMPWAT_L1,L1,"(-2.0, 40.0)"
182,CP01CNSM-RID27-03-CTDBPC000,telemetered,ctdbp_cdef_dcl_instrument,PD6,temp,ºC,TEMPWAT_L1,L1,"(-2.0, 40.0)"
183,CP03ISSM-MFD37-03-CTDBPD000,recovered_host,ctdbp_cdef_dcl_instrument_recovered,PD6,temp,ºC,TEMPWAT_L1,L1,"(-2.0, 40.0)"
185,CP03ISSM-MFD37-03-CTDBPD000,telemetered,ctdbp_cdef_dcl_instrument,PD6,temp,ºC,TEMPWAT_L1,L1,"(-2.0, 40.0)"
187,CP03ISSM-RID27-03-CTDBPC000,bad_telemetered,ctdbp_cdef_dcl_instrument,PD6,temp,ºC,TEMPWAT_L1,L1,"(-2.0, 40.0)"
188,CP03ISSM-RID27-03-CTDBPC000,recovered_host,ctdbp_cdef_dcl_instrument_recovered,PD6,temp,ºC,TEMPWAT_L1,L1,"(-2.0, 40.0)"
190,CP03ISSM-RID27-03-CTDBPC000,telemetered,ctdbp_cdef_dcl_instrument,PD6,temp,ºC,TEMPWAT_L1,L1,"(-2.0, 40.0)"
191,CP04OSSM-MFD37-03-CTDBPE000,recovered_host,ctdbp_cdef_dcl_instrument_recovered,PD6,temp,ºC,TEMPWAT_L1,L1,"(-2.0, 40.0)"
193,CP04OSSM-MFD37-03-CTDBPE000,telemetered,ctdbp_cdef_dcl_instrument,PD6,temp,ºC,TEMPWAT_L1,L1,"(-2.0, 40.0)"
194,CP04OSSM-RID27-03-CTDBPC000,recovered_host,ctdbp_cdef_dcl_instrument_recovered,PD6,temp,ºC,TEMPWAT_L1,L1,"(-2.0, 40.0)"
196,CP04OSSM-RID27-03-CTDBPC000,telemetered,ctdbp_cdef_dcl_instrument,PD6,temp,ºC,TEMPWAT_L1,L1,"(-2.0, 40.0)"
198,GA01SUMO-RID16-03-CTDBPF000,recovered_host,ctdbp_cdef_dcl_instrument_recovered,PD6,temp,ºC,TEMPWAT_L1,L1,"(-2.0, 40.0)"
200,GA01SUMO-RID16-03-CTDBPF000,telemetered,ctdbp_cdef_dcl_instrument,PD6,temp,ºC,TEMPWAT_L1,L1,"(-2.0, 40.0)"
201,GA01SUMO-RII11-02-CTDBPP031,recovered_host,ctdbp_p_dcl_instrument_recovered,PD6,temp,ºC,TEMPWAT_L1,L1,"(-2.0, 40.0)"
203,GA01SUMO-RII11-02-CTDBPP031,telemetered,ctdbp_p_dcl_instrument,PD6,temp,ºC,TEMPWAT_L1,L1,"(-2.0, 40.0)"
204,GA01SUMO-RII11-02-CTDBPP032,recovered_host,ctdbp_p_dcl_instrument_recovered,PD6,temp,ºC,TEMPWAT_L1,L1,"(-2.0, 40.0)"
206,GA01SUMO-RII11-02-CTDBPP032,telemetered,ctdbp_p_dcl_instrument,PD6,temp,ºC,TEMPWAT_L1,L1,"(-2.0, 40.0)"
207,GA01SUMO-RII11-02-CTDBPP033,recovered_host,ctdbp_p_dcl_instrument_recovered,PD6,temp,ºC,TEMPWAT_L1,L1,"(-2.0, 40.0)"
209,GA01SUMO-RII11-02-CTDBPP033,telemetered,ctdbp_p_dcl_instrument,PD6,temp,ºC,TEMPWAT_L1,L1,"(-2.0, 40.0)"
211,GI01SUMO-RID16-03-CTDBPF000,recovered_host,ctdbp_cdef_dcl_instrument_recovered,PD6,temp,ºC,TEMPWAT_L1,L1,"(-2.0, 40.0)"
213,GI01SUMO-RID16-03-CTDBPF000,telemetered,ctdbp_cdef_dcl_instrument,PD6,temp,ºC,TEMPWAT_L1,L1,"(-2.0, 40.0)"
214,GI01SUMO-RII11-02-CTDBPP031,recovered_host,ctdbp_p_dcl_instrument_recovered,PD6,temp,ºC,TEMPWAT_L1,L1,"(-2.0, 40.0)"
216,GI01SUMO-RII11-02-CTDBPP031,telemetered,ctdbp_p_dcl_instrument,PD6,temp,ºC,TEMPWAT_L1,L1,"(-2.0, 40.0)"
217,GI01SUMO-RII11-02-CTDBPP032,recovered_host,ctdbp_p_dcl_instrument_recovered,PD6,temp,ºC,TEMPWAT_L1,L1,"(-2.0, 40.0)"
219,GI01SUMO-RII11-02-CTDBPP032,telemetered,ctdbp_p_dcl_instrument,PD6,temp,ºC,TEMPWAT_L1,L1,"(-2.0, 40.0)"
220,GI01SUMO-RII11-02-CTDBPP033,recovered_host,ctdbp_p_dcl_instrument_recovered,PD6,temp,ºC,TEMPWAT_L1,L1,"(-2.0, 40.0)"
222,GI01SUMO-RII11-02-CTDBPP033,telemetered,ctdbp_p_dcl_instrument,PD6,temp,ºC,TEMPWAT_L1,L1,"(-2.0, 40.0)"
223,GS01SUMO-RID16-03-CTDBPF000,recovered_host,ctdbp_cdef_dcl_instrument_recovered,PD6,temp,ºC,TEMPWAT_L1,L1,"(-2.0, 40.0)"
225,GS01SUMO-RID16-03-CTDBPF000,telemetered,ctdbp_cdef_dcl_instrument,PD6,temp,ºC,TEMPWAT_L1,L1,"(-2.0, 40.0)"
226,GS01SUMO-RII11-02-CTDBPP031,recovered_host,ctdbp_p_dcl_instrument_recovered,PD6,temp,ºC,TEMPWAT_L1,L1,"(-2.0, 40.0)"
227,GS01SUMO-RII11-02-CTDBPP031,telemetered,ctdbp_p_dcl_instrument,PD6,temp,ºC,TEMPWAT_L1,L1,"(-2.0, 40.0)"
228,GS01SUMO-RII11-02-CTDBPP032,bad_telemetered,ctdbp_p_dcl_instrument,PD6,temp,ºC,TEMPWAT_L1,L1,"(-2.0, 40.0)"
229,GS01SUMO-RII11-02-CTDBPP032,recovered_host,ctdbp_p_dcl_instrument_recovered,PD6,temp,ºC,TEMPWAT_L1,L1,"(-2.0, 40.0)"
231,GS01SUMO-RII11-02-CTDBPP032,telemetered,ctdbp_p_dcl_instrument,PD6,temp,ºC,TEMPWAT_L1,L1,"(-2.0, 40.0)"
232,GS01SUMO-RII11-02-CTDBPP033,bad_telemetered,ctdbp_p_dcl_instrument,PD6,temp,ºC,TEMPWAT_L1,L1,"(-2.0, 40.0)"
233,GS01SUMO-RII11-02-CTDBPP033,recovered_host,ctdbp_p_dcl_instrument_recovered,PD6,temp,ºC,TEMPWAT_L1,L1,"(-2.0, 40.0)"
235,GS01SUMO-RII11-02-CTDBPP033,telemetered,ctdbp_p_dcl_instrument,PD6,temp,ºC,TEMPWAT_L1,L1,"(-2.0, 40.0)"
296,CP01CNSM-MFD37-03-CTDBPD000,recovered_inst,ctdbp_cdef_instrument_recovered,PD13,practical_salinity,1,PRACSAL_L2,L2,"(0.0, 42.0)"
299,CP01CNSM-RID27-03-CTDBPC000,recovered_inst,ctdbp_cdef_instrument_recovered,PD13,practical_salinity,1,PRACSAL_L2,L2,"(0.0, 42.0)"
302,CP03ISSM-MFD37-03-CTDBPD000,recovered_inst,ctdbp_cdef_instrument_recovered,PD13,practical_salinity,1,PRACSAL_L2,L2,"(0.0, 42.0)"
304,CP03ISSM-RID27-03-CTDBPC000,bad_recovered_inst,ctdbp_cdef_instrument_recovered,PD13,practical_salinity,1,PRACSAL_L2,L2,"(0.0, 42.0)"
307,CP03ISSM-RID27-03-CTDBPC000,recovered_inst,ctdbp_cdef_instrument_recovered,PD13,practical_salinity,1,PRACSAL_L2,L2,"(0.0, 42.0)"
310,CP04OSSM-MFD37-03-CTDBPE000,recovered_inst,ctdbp_cdef_instrument_recovered,PD13,practical_salinity,1,PRACSAL_L2,L2,"(0.0, 42.0)"
313,CP04OSSM-RID27-03-CTDBPC000,recovered_inst,ctdbp_cdef_instrument_recovered,PD13,practical_salinity,1,PRACSAL_L2,L2,"(0.0, 42.0)"
315,GA01SUMO-RID16-03-CTDBPF000,bad_recovered_inst,ctdbp_cdef_instrument_recovered,PD13,practical_salinity,1,PRACSAL_L2,L2,"(0.0, 42.0)"
317,GA01SUMO-RID16-03-CTDBPF000,recovered_inst,ctdbp_cdef_instrument_recovered,PD13,practical_salinity,1,PRACSAL_L2,L2,"(0.0, 42.0)"
320,GA01SUMO-RII11-02-CTDBPP031,recovered_inst,ctdbp_cdef_instrument_recovered,PD13,practical_salinity,1,PRACSAL_L2,L2,"(0.0, 42.0)"
323,GA01SUMO-RII11-02-CTDBPP032,recovered_inst,ctdbp_cdef_instrument_recovered,PD13,practical_salinity,1,PRACSAL_L2,L2,"(0.0, 42.0)"
326,GA01SUMO-RII11-02-CTDBPP033,recovered_inst,ctdbp_cdef_instrument_recovered,PD13,practical_salinity,1,PRACSAL_L2,L2,"(0.0, 42.0)"
328,GI01SUMO-RID16-03-CTDBPF000,bad_recovered_inst,ctdbp_cdef_instrument_recovered,PD13,practical_salinity,1,PRACSAL_L2,L2,"(0.0, 42.0)"
330,GI01SUMO-RID16-03-CTDBPF000,recovered_inst,ctdbp_cdef_instrument_recovered,PD13,practical_salinity,1,PRACSAL_L2,L2,"(0.0, 42.0)"
333,GI01SUMO-RII11-02-CTDBPP031,recovered_inst,ctdbp_cdef_instrument_recovered,PD13,practical_salinity,1,PRACSAL_L2,L2,"(0.0, 42.0)"
336,GI01SUMO-RII11-02-CTDBPP032,recovered_inst,ctdbp_cdef_instrument_recovered,PD13,practical_salinity,1,PRACSAL_L2,L2,"(0.0, 42.0)"
339,GI01SUMO-RII11-02-CTDBPP033,recovered_inst,ctdbp_cdef_instrument_recovered,PD13,practical_salinity,1,PRACSAL_L2,L2,"(0.0, 42.0)"
342,GS01SUMO-RID16-03-CTDBPF000,recovered_inst,ctdbp_cdef_instrument_recovered,PD13,practical_salinity,1,PRACSAL_L2,L2,"(0.0, 42.0)"
348,GS01SUMO-RII11-02-CTDBPP032,recovered_inst,ctdbp_cdef_instrument_recovered,PD13,practical_salinity,1,PRACSAL_L2,L2,"(0.0, 42.0)"
352,GS01SUMO-RII11-02-CTDBPP033,recovered_inst,ctdbp_cdef_instrument_recovered,PD13,practical_salinity,1,PRACSAL_L2,L2,"(0.0, 42.0)"
414,CP01CNSM-MFD37-03-CTDBPD000,recovered_inst,ctdbp_cdef_instrument_recovered,PD193,temperature,counts,TEMPWAT_L0,L0,"(None, None)"
417,CP01CNSM-RID27-03-CTDBPC000,recovered_inst,ctdbp_cdef_instrument_recovered,PD193,temperature,counts,TEMPWAT_L0,L0,"(None, None)"
420,CP03ISSM-MFD37-03-CTDBPD000,recovered_inst,ctdbp_cdef_instrument_recovered,PD193,temperature,counts,TEMPWAT_L0,L0,"(None, None)"
422,CP03ISSM-RID27-03-CTDBPC000,bad_recovered_inst,ctdbp_cdef_instrument_recovered,PD193,temperature,counts,TEMPWAT_L0,L0,"(None, None)"
425,CP03ISSM-RID27-03-CTDBPC000,recovered_inst,ctdbp_cdef_instrument_recovered,PD193,temperature,counts,TEMPWAT_L0,L0,"(None, None)"
428,CP04OSSM-MFD37-03-CTDBPE000,recovered_inst,ctdbp_cdef_instrument_recovered,PD193,temperature,counts,TEMPWAT_L0,L0,"(None, None)"
431,CP04OSSM-RID27-03-CTDBPC000,recovered_inst,ctdbp_cdef_instrument_recovered,PD193,temperature,counts,TEMPWAT_L0,L0,"(None, None)"
433,GA01SUMO-RID16-03-CTDBPF000,bad_recovered_inst,ctdbp_cdef_instrument_recovered,PD193,temperature,counts,TEMPWAT_L0,L0,"(None, None)"
435,GA01SUMO-RID16-03-CTDBPF000,recovered_inst,ctdbp_cdef_instrument_recovered,PD193,temperature,counts,TEMPWAT_L0,L0,"(None, None)"
438,GA01SUMO-RII11-02-CTDBPP031,recovered_inst,ctdbp_cdef_instrument_recovered,PD193,temperature,counts,TEMPWAT_L0,L0,"(None, None)"
441,GA01SUMO-RII11-02-CTDBPP032,recovered_inst,ctdbp_cdef_instrument_recovered,PD193,temperature,counts,TEMPWAT_L0,L0,"(None, None)"
444,GA01SUMO-RII11-02-CTDBPP033,recovered_inst,ctdbp_cdef_instrument_recovered,PD193,temperature,counts,TEMPWAT_L0,L0,"(None, None)"
446,GI01SUMO-RID16-03-CTDBPF000,bad_recovered_inst,ctdbp_cdef_instrument_recovered,PD193,temperature,counts,TEMPWAT_L0,L0,"(None, None)"
448,GI01SUMO-RID16-03-CTDBPF000,recovered_inst,ctdbp_cdef_instrument_recovered,PD193,temperature,counts,TEMPWAT_L0,L0,"(None, None)"
451,GI01SUMO-RII11-02-CTDBPP031,recovered_inst,ctdbp_cdef_instrument_recovered,PD193,temperature,counts,TEMPWAT_L0,L0,"(None, None)"
454,GI01SUMO-RII11-02-CTDBPP032,recovered_inst,ctdbp_cdef_instrument_recovered,PD193,temperature,counts,TEMPWAT_L0,L0,"(None, None)"
457,GI01SUMO-RII11-02-CTDBPP033,recovered_inst,ctdbp_cdef_instrument_recovered,PD193,temperature,counts,TEMPWAT_L0,L0,"(None, None)"
460,GS01SUMO-RID16-03-CTDBPF000,recovered_inst,ctdbp_cdef_instrument_recovered,PD193,temperature,counts,TEMPWAT_L0,L0,"(None, None)"
466,GS01SUMO-RII11-02-CTDBPP032,recovered_inst,ctdbp_cdef_instrument_recovered,PD193,temperature,counts,TEMPWAT_L0,L0,"(None, None)"
470,GS01SUMO-RII11-02-CTDBPP033,recovered_inst,ctdbp_cdef_instrument_recovered,PD193,temperature,counts,TEMPWAT_L0,L0,"(None, None)"
472,CP01CNSM-MFD37-03-CTDBPD000,recovered_host,ctdbp_cdef_dcl_instrument_recovered,PD13,practical_salinity,1,PRACSAL_L2,L2,"(0.0, 42.0)"
473,CP01CNSM-MFD37-03-CTDBPD000,recovered_inst,ctdbp_cdef_instrument_recovered,PD194,conductivity,counts,CONDWAT_L0,L0,"(0.0, 6.0)"
474,CP01CNSM-MFD37-03-CTDBPD000,telemetered,ctdbp_cdef_dcl_instrument,PD13,practical_salinity,1,PRACSAL_L2,L2,"(0.0, 42.0)"
475,CP01CNSM-RID27-03-CTDBPC000,recovered_host,ctdbp_cdef_dcl_instrument_recovered,PD13,practical_salinity,1,PRACSAL_L2,L2,"(0.0, 42.0)"
476,CP01CNSM-RID27-03-CTDBPC000,recovered_inst,ctdbp_cdef_instrument_recovered,PD194,conductivity,counts,CONDWAT_L0,L0,"(0.0, 6.0)"
477,CP01CNSM-RID27-03-CTDBPC000,telemetered,ctdbp_cdef_dcl_instrument,PD13,practical_salinity,1,PRACSAL_L2,L2,"(0.0, 42.0)"
478,CP03ISSM-MFD37-03-CTDBPD000,recovered_host,ctdbp_cdef_dcl_instrument_recovered,PD13,practical_salinity,1,PRACSAL_L2,L2,"(0.0, 42.0)"
479,CP03ISSM-MFD37-03-CTDBPD000,recovered_inst,ctdbp_cdef_instrument_recovered,PD194,conductivity,counts,CONDWAT_L0,L0,"(0.0, 6.0)"
480,CP03ISSM-MFD37-03-CTDBPD000,telemetered,ctdbp_cdef_dcl_instrument,PD13,practical_salinity,1,PRACSAL_L2,L2,"(0.0, 42.0)"
481,CP03ISSM-RID27-03-CTDBPC000,bad_recovered_inst,ctdbp_cdef_instrument_recovered,PD194,conductivity,counts,CONDWAT_L0,L0,"(0.0, 6.0)"
482,CP03ISSM-RID27-03-CTDBPC000,bad_telemetered,ctdbp_cdef_dcl_instrument,PD13,practical_salinity,1,PRACSAL_L2,L2,"(0.0, 42.0)"
483,CP03ISSM-RID27-03-CTDBPC000,recovered_host,ctdbp_cdef_dcl_instrument_recovered,PD13,practical_salinity,1,PRACSAL_L2,L2,"(0.0, 42.0)"
484,CP03ISSM-RID27-03-CTDBPC000,recovered_inst,ctdbp_cdef_instrument_recovered,PD194,conductivity,counts,CONDWAT_L0,L0,"(0.0, 6.0)"
485,CP03ISSM-RID27-03-CTDBPC000,telemetered,ctdbp_cdef_dcl_instrument,PD13,practical_salinity,1,PRACSAL_L2,L2,"(0.0, 42.0)"
486,CP04OSSM-MFD37-03-CTDBPE000,recovered_host,ctdbp_cdef_dcl_instrument_recovered,PD13,practical_salinity,1,PRACSAL_L2,L2,"(0.0, 42.0)"
487,CP04OSSM-MFD37-03-CTDBPE000,recovered_inst,ctdbp_cdef_instrument_recovered,PD194,conductivity,counts,CONDWAT_L0,L0,"(0.0, 6.0)"
488,CP04OSSM-MFD37-03-CTDBPE000,telemetered,ctdbp_cdef_dcl_instrument,PD13,practical_salinity,1,PRACSAL_L2,L2,"(0.0, 42.0)"
489,CP04OSSM-RID27-03-CTDBPC000,recovered_host,ctdbp_cdef_dcl_instrument_recovered,PD13,practical_salinity,1,PRACSAL_L2,L2,"(0.0, 42.0)"
490,CP04OSSM-RID27-03-CTDBPC000,recovered_inst,ctdbp_cdef_instrument_recovered,PD194,conductivity,counts,CONDWAT_L0,L0,"(0.0, 6.0)"
491,CP04OSSM-RID27-03-CTDBPC000,telemetered,ctdbp_cdef_dcl_instrument,PD13,practical_salinity,1,PRACSAL_L2,L2,"(0.0, 42.0)"
492,GA01SUMO-RID16-03-CTDBPF000,bad_recovered_inst,ctdbp_cdef_instrument_recovered,PD194,conductivity,counts,CONDWAT_L0,L0,"(0.0, 6.0)"
493,GA01SUMO-RID16-03-CTDBPF000,recovered_host,ctdbp_cdef_dcl_instrument_recovered,PD13,practical_salinity,1,PRACSAL_L2,L2,"(0.0, 42.0)"
494,GA01SUMO-RID16-03-CTDBPF000,recovered_inst,ctdbp_cdef_instrument_recovered,PD194,conductivity,counts,CONDWAT_L0,L0,"(0.0, 6.0)"
495,GA01SUMO-RID16-03-CTDBPF000,telemetered,ctdbp_cdef_dcl_instrument,PD13,practical_salinity,1,PRACSAL_L2,L2,"(0.0, 42.0)"
496,GA01SUMO-RII11-02-CTDBPP031,recovered_host,ctdbp_p_dcl_instrument_recovered,PD13,practical_salinity,1,PRACSAL_L2,L2,"(0.0, 42.0)"
497,GA01SUMO-RII11-02-CTDBPP031,recovered_inst,ctdbp_cdef_instrument_recovered,PD194,conductivity,counts,CONDWAT_L0,L0,"(0.0, 6.0)"
498,GA01SUMO-RII11-02-CTDBPP031,telemetered,ctdbp_p_dcl_instrument,PD13,practical_salinity,1,PRACSAL_L2,L2,"(0.0, 42.0)"
499,GA01SUMO-RII11-02-CTDBPP032,recovered_host,ctdbp_p_dcl_instrument_recovered,PD13,practical_salinity,1,PRACSAL_L2,L2,"(0.0, 42.0)"
500,GA01SUMO-RII11-02-CTDBPP032,recovered_inst,ctdbp_cdef_instrument_recovered,PD194,conductivity,counts,CONDWAT_L0,L0,"(0.0, 6.0)"
501,GA01SUMO-RII11-02-CTDBPP032,telemetered,ctdbp_p_dcl_instrument,PD13,practical_salinity,1,PRACSAL_L2,L2,"(0.0, 42.0)"
502,GA01SUMO-RII11-02-CTDBPP033,recovered_host,ctdbp_p_dcl_instrument_recovered,PD13,practical_salinity,1,PRACSAL_L2,L2,"(0.0, 42.0)"
503,GA01SUMO-RII11-02-CTDBPP033,recovered_inst,ctdbp_cdef_instrument_recovered,PD194,conductivity,counts,CONDWAT_L0,L0,"(0.0, 6.0)"
504,GA01SUMO-RII11-02-CTDBPP033,telemetered,ctdbp_p_dcl_instrument,PD13,practical_salinity,1,PRACSAL_L2,L2,"(0.0, 42.0)"
505,GI01SUMO-RID16-03-CTDBPF000,bad_recovered_inst,ctdbp_cdef_instrument_recovered,PD194,conductivity,counts,CONDWAT_L0,L0,"(0.0, 6.0)"
506,GI01SUMO-RID16-03-CTDBPF000,recovered_host,ctdbp_cdef_dcl_instrument_recovered,PD13,practical_salinity,1,PRACSAL_L2,L2,"(0.0, 42.0)"
507,GI01SUMO-RID16-03-CTDBPF000,recovered_inst,ctdbp_cdef_instrument_recovered,PD194,conductivity,counts,CONDWAT_L0,L0,"(0.0, 6.0)"
508,GI01SUMO-RID16-03-CTDBPF000,telemetered,ctdbp_cdef_dcl_instrument,PD13,practical_salinity,1,PRACSAL_L2,L2,"(0.0, 42.0)"
509,GI01SUMO-RII11-02-CTDBPP031,recovered_host,ctdbp_p_dcl_instrument_recovered,PD13,practical_salinity,1,PRACSAL_L2,L2,"(0.0, 42.0)"
510,GI01SUMO-RII11-02-CTDBPP031,recovered_inst,ctdbp_cdef_instrument_recovered,PD194,conductivity,counts,CONDWAT_L0,L0,"(0.0, 6.0)"
511,GI01SUMO-RII11-02-CTDBPP031,telemetered,ctdbp_p_dcl_instrument,PD13,practical_salinity,1,PRACSAL_L2,L2,"(0.0, 42.0)"
512,GI01SUMO-RII11-02-CTDBPP032,recovered_host,ctdbp_p_dcl_instrument_recovered,PD13,practical_salinity,1,PRACSAL_L2,L2,"(0.0, 42.0)"
513,GI01SUMO-RII11-02-CTDBPP032,recovered_inst,ctdbp_cdef_instrument_recovered,PD194,conductivity,counts,CONDWAT_L0,L0,"(0.0, 6.0)"
514,GI01SUMO-RII11-02-CTDBPP032,telemetered,ctdbp_p_dcl_instrument,PD13,practical_salinity,1,PRACSAL_L2,L2,"(0.0, 42.0)"
515,GI01SUMO-RII11-02-CTDBPP033,recovered_host,ctdbp_p_dcl_instrument_recovered,PD13,practical_salinity,1,PRACSAL_L2,L2,"(0.0, 42.0)"
516,GI01SUMO-RII11-02-CTDBPP033,recovered_inst,ctdbp_cdef_instrument_recovered,PD194,conductivity,counts,CONDWAT_L0,L0,"(0.0, 6.0)"
517,GI01SUMO-RII11-02-CTDBPP033,telemetered,ctdbp_p_dcl_instrument,PD13,practical_salinity,1,PRACSAL_L2,L2,"(0.0, 42.0)"
518,GS01SUMO-RID16-03-CTDBPF000,recovered_host,ctdbp_cdef_dcl_instrument_recovered,PD13,practical_salinity,1,PRACSAL_L2,L2,"(0.0, 42.0)"
519,GS01SUMO-RID16-03-CTDBPF000,recovered_inst,ctdbp_cdef_instrument_recovered,PD194,conductivity,counts,CONDWAT_L0,L0,"(0.0, 6.0)"
520,GS01SUMO-RID16-03-CTDBPF000,telemetered,ctdbp_cdef_dcl_instrument,PD13,practical_salinity,1,PRACSAL_L2,L2,"(0.0, 42.0)"
521,GS01SUMO-RII11-02-CTDBPP031,recovered_host,ctdbp_p_dcl_instrument_recovered,PD13,practical_salinity,1,PRACSAL_L2,L2,"(0.0, 42.0)"
522,GS01SUMO-RII11-02-CTDBPP031,telemetered,ctdbp_p_dcl_instrument,PD13,practical_salinity,1,PRACSAL_L2,L2,"(0.0, 42.0)"
523,GS01SUMO-RII11-02-CTDBPP032,bad_telemetered,ctdbp_p_dcl_instrument,PD13,practical_salinity,1,PRACSAL_L2,L2,"(0.0, 42.0)"
524,GS01SUMO-RII11-02-CTDBPP032,recovered_host,ctdbp_p_dcl_instrument_recovered,PD13,practical_salinity,1,PRACSAL_L2,L2,"(0.0, 42.0)"
525,GS01SUMO-RII11-02-CTDBPP032,recovered_inst,ctdbp_cdef_instrument_recovered,PD194,conductivity,counts,CONDWAT_L0,L0,"(0.0, 6.0)"
526,GS01SUMO-RII11-02-CTDBPP032,telemetered,ctdbp_p_dcl_instrument,PD13,practical_salinity,1,PRACSAL_L2,L2,"(0.0, 42.0)"
527,GS01SUMO-RII11-02-CTDBPP033,bad_telemetered,ctdbp_p_dcl_instrument,PD13,practical_salinity,1,PRACSAL_L2,L2,"(0.0, 42.0)"
528,GS01SUMO-RII11-02-CTDBPP033,recovered_host,ctdbp_p_dcl_instrument_recovered,PD13,practical_salinity,1,PRACSAL_L2,L2,"(0.0, 42.0)"
529,GS01SUMO-RII11-02-CTDBPP033,recovered_inst,ctdbp_cdef_instrument_recovered,PD194,conductivity,counts,CONDWAT_L0,L0,"(0.0, 6.0)"
530,GS01SUMO-RII11-02-CTDBPP033,telemetered,ctdbp_p_dcl_instrument,PD13,practical_salinity,1,PRACSAL_L2,L2,"(0.0, 42.0)"
532,CP01CNSM-MFD37-03-CTDBPD000,recovered_inst,ctdbp_cdef_instrument_recovered,PD195,pressure,counts,PRESWAT_L0,L0,"(0.0, 6000.0)"
535,CP01CNSM-RID27-03-CTDBPC000,recovered_inst,ctdbp_cdef_instrument_recovered,PD195,pressure,counts,PRESWAT_L0,L0,"(0.0, 6000.0)"
538,CP03ISSM-MFD37-03-CTDBPD000,recovered_inst,ctdbp_cdef_instrument_recovered,PD195,pressure,counts,PRESWAT_L0,L0,"(0.0, 6000.0)"
540,CP03ISSM-RID27-03-CTDBPC000,bad_recovered_inst,ctdbp_cdef_instrument_recovered,PD195,pressure,counts,PRESWAT_L0,L0,"(0.0, 6000.0)"
543,CP03ISSM-RID27-03-CTDBPC000,recovered_inst,ctdbp_cdef_instrument_recovered,PD195,pressure,counts,PRESWAT_L0,L0,"(0.0, 6000.0)"
546,CP04OSSM-MFD37-03-CTDBPE000,recovered_inst,ctdbp_cdef_instrument_recovered,PD195,pressure,counts,PRESWAT_L0,L0,"(0.0, 6000.0)"
549,CP04OSSM-RID27-03-CTDBPC000,recovered_inst,ctdbp_cdef_instrument_recovered,PD195,pressure,counts,PRESWAT_L0,L0,"(0.0, 6000.0)"
551,GA01SUMO-RID16-03-CTDBPF000,bad_recovered_inst,ctdbp_cdef_instrument_recovered,PD195,pressure,counts,PRESWAT_L0,L0,"(0.0, 6000.0)"
553,GA01SUMO-RID16-03-CTDBPF000,recovered_inst,ctdbp_cdef_instrument_recovered,PD195,pressure,counts,PRESWAT_L0,L0,"(0.0, 6000.0)"
556,GA01SUMO-RII11-02-CTDBPP031,recovered_inst,ctdbp_cdef_instrument_recovered,PD195,pressure,counts,PRESWAT_L0,L0,"(0.0, 6000.0)"
559,GA01SUMO-RII11-02-CTDBPP032,recovered_inst,ctdbp_cdef_instrument_recovered,PD195,pressure,counts,PRESWAT_L0,L0,"(0.0, 6000.0)"
562,GA01SUMO-RII11-02-CTDBPP033,recovered_inst,ctdbp_cdef_instrument_recovered,PD195,pressure,counts,PRESWAT_L0,L0,"(0.0, 6000.0)"
564,GI01SUMO-RID16-03-CTDBPF000,bad_recovered_inst,ctdbp_cdef_instrument_recovered,PD195,pressure,counts,PRESWAT_L0,L0,"(0.0, 6000.0)"
566,GI01SUMO-RID16-03-CTDBPF000,recovered_inst,ctdbp_cdef_instrument_recovered,PD195,pressure,counts,PRESWAT_L0,L0,"(0.0, 6000.0)"
569,GI01SUMO-RII11-02-CTDBPP031,recovered_inst,ctdbp_cdef_instrument_recovered,PD195,pressure,counts,PRESWAT_L0,L0,"(0.0, 6000.0)"
572,GI01SUMO-RII11-02-CTDBPP032,recovered_inst,ctdbp_cdef_instrument_recovered,PD195,pressure,counts,PRESWAT_L0,L0,"(0.0, 6000.0)"
575,GI01SUMO-RII11-02-CTDBPP033,recovered_inst,ctdbp_cdef_instrument_recovered,PD195,pressure,counts,PRESWAT_L0,L0,"(0.0, 6000.0)"
578,GS01SUMO-RID16-03-CTDBPF000,recovered_inst,ctdbp_cdef_instrument_recovered,PD195,pressure,counts,PRESWAT_L0,L0,"(0.0, 6000.0)"
584,GS01SUMO-RII11-02-CTDBPP032,recovered_inst,ctdbp_cdef_instrument_recovered,PD195,pressure,counts,PRESWAT_L0,L0,"(0.0, 6000.0)"
588,GS01SUMO-RII11-02-CTDBPP033,recovered_inst,ctdbp_cdef_instrument_recovered,PD195,pressure,counts,PRESWAT_L0,L0,"(0.0, 6000.0)"
591,CP01CNSM-MFD37-03-CTDBPD000,recovered_inst,ctdbp_cdef_instrument_recovered,PD196,pressure_temp,counts,,,"(None, None)"
594,CP01CNSM-RID27-03-CTDBPC000,recovered_inst,ctdbp_cdef_instrument_recovered,PD196,pressure_temp,counts,,,"(None, None)"
597,CP03ISSM-MFD37-03-CTDBPD000,recovered_inst,ctdbp_cdef_instrument_recovered,PD196,pressure_temp,counts,,,"(None, None)"
599,CP03ISSM-RID27-03-CTDBPC000,bad_recovered_inst,ctdbp_cdef_instrument_recovered,PD196,pressure_temp,counts,,,"(None, None)"
602,CP03ISSM-RID27-03-CTDBPC000,recovered_inst,ctdbp_cdef_instrument_recovered,PD196,pressure_temp,counts,,,"(None, None)"
605,CP04OSSM-MFD37-03-CTDBPE000,recovered_inst,ctdbp_cdef_instrument_recovered,PD196,pressure_temp,counts,,,"(None, None)"
608,CP04OSSM-RID27-03-CTDBPC000,recovered_inst,ctdbp_cdef_instrument_recovered,PD196,pressure_temp,counts,,,"(None, None)"
610,GA01SUMO-RID16-03-CTDBPF000,bad_recovered_inst,ctdbp_cdef_instrument_recovered,PD196,pressure_temp,counts,,,"(None, None)"
612,GA01SUMO-RID16-03-CTDBPF000,recovered_inst,ctdbp_cdef_instrument_recovered,PD196,pressure_temp,counts,,,"(None, None)"
615,GA01SUMO-RII11-02-CTDBPP031,recovered_inst,ctdbp_cdef_instrument_recovered,PD196,pressure_temp,counts,,,"(None, None)"
618,GA01SUMO-RII11-02-CTDBPP032,recovered_inst,ctdbp_cdef_instrument_recovered,PD196,pressure_temp,counts,,,"(None, None)"
621,GA01SUMO-RII11-02-CTDBPP033,recovered_inst,ctdbp_cdef_instrument_recovered,PD196,pressure_temp,counts,,,"(None, None)"
623,GI01SUMO-RID16-03-CTDBPF000,bad_recovered_inst,ctdbp_cdef_instrument_recovered,PD196,pressure_temp,counts,,,"(None, None)"
625,GI01SUMO-RID16-03-CTDBPF000,recovered_inst,ctdbp_cdef_instrument_recovered,PD196,pressure_temp,counts,,,"(None, None)"
628,GI01SUMO-RII11-02-CTDBPP031,recovered_inst,ctdbp_cdef_instrument_recovered,PD196,pressure_temp,counts,,,"(None, None)"
631,GI01SUMO-RII11-02-CTDBPP032,recovered_inst,ctdbp_cdef_instrument_recovered,PD196,pressure_temp,counts,,,"(None, None)"
634,GI01SUMO-RII11-02-CTDBPP033,recovered_inst,ctdbp_cdef_instrument_recovered,PD196,pressure_temp,counts,,,"(None, None)"
637,GS01SUMO-RID16-03-CTDBPF000,recovered_inst,ctdbp_cdef_instrument_recovered,PD196,pressure_temp,counts,,,"(None, None)"
643,GS01SUMO-RII11-02-CTDBPP032,recovered_inst,ctdbp_cdef_instrument_recovered,PD196,pressure_temp,counts,,,"(None, None)"
647,GS01SUMO-RII11-02-CTDBPP033,recovered_inst,ctdbp_cdef_instrument_recovered,PD196,pressure_temp,counts,,,"(None, None)"
768,CP01CNSM-MFD37-03-CTDBPD000,recovered_inst,ctdbp_cdef_instrument_recovered,PD2819,ctdbp_seawater_temperature,ºC,TEMPWAT_L1,L1,"(-2.0, 40.0)"
771,CP01CNSM-RID27-03-CTDBPC000,recovered_inst,ctdbp_cdef_instrument_recovered,PD2819,ctdbp_seawater_temperature,ºC,TEMPWAT_L1,L1,"(-2.0, 40.0)"
774,CP03ISSM-MFD37-03-CTDBPD000,recovered_inst,ctdbp_cdef_instrument_recovered,PD2819,ctdbp_seawater_temperature,ºC,TEMPWAT_L1,L1,"(-2.0, 40.0)"
776,CP03ISSM-RID27-03-CTDBPC000,bad_recovered_inst,ctdbp_cdef_instrument_recovered,PD2819,ctdbp_seawater_temperature,ºC,TEMPWAT_L1,L1,"(-2.0, 40.0)"
779,CP03ISSM-RID27-03-CTDBPC000,recovered_inst,ctdbp_cdef_instrument_recovered,PD2819,ctdbp_seawater_temperature,ºC,TEMPWAT_L1,L1,"(-2.0, 40.0)"
782,CP04OSSM-MFD37-03-CTDBPE000,recovered_inst,ctdbp_cdef_instrument_recovered,PD2819,ctdbp_seawater_temperature,ºC,TEMPWAT_L1,L1,"(-2.0, 40.0)"
785,CP04OSSM-RID27-03-CTDBPC000,recovered_inst,ctdbp_cdef_instrument_recovered,PD2819,ctdbp_seawater_temperature,ºC,TEMPWAT_L1,L1,"(-2.0, 40.0)"
787,GA01SUMO-RID16-03-CTDBPF000,bad_recovered_inst,ctdbp_cdef_instrument_recovered,PD2819,ctdbp_seawater_temperature,ºC,TEMPWAT_L1,L1,"(-2.0, 40.0)"
789,GA01SUMO-RID16-03-CTDBPF000,recovered_inst,ctdbp_cdef_instrument_recovered,PD2819,ctdbp_seawater_temperature,ºC,TEMPWAT_L1,L1,"(-2.0, 40.0)"
792,GA01SUMO-RII11-02-CTDBPP031,recovered_inst,ctdbp_cdef_instrument_recovered,PD2819,ctdbp_seawater_temperature,ºC,TEMPWAT_L1,L1,"(None, None)"
795,GA01SUMO-RII11-02-CTDBPP032,recovered_inst,ctdbp_cdef_instrument_recovered,PD2819,ctdbp_seawater_temperature,ºC,TEMPWAT_L1,L1,"(None, None)"
798,GA01SUMO-RII11-02-CTDBPP033,recovered_inst,ctdbp_cdef_instrument_recovered,PD2819,ctdbp_seawater_temperature,ºC,TEMPWAT_L1,L1,"(None, None)"
800,GI01SUMO-RID16-03-CTDBPF000,bad_recovered_inst,ctdbp_cdef_instrument_recovered,PD2819,ctdbp_seawater_temperature,ºC,TEMPWAT_L1,L1,"(-2.0, 40.0)"
802,GI01SUMO-RID16-03-CTDBPF000,recovered_inst,ctdbp_cdef_instrument_recovered,PD2819,ctdbp_seawater_temperature,ºC,TEMPWAT_L1,L1,"(-2.0, 40.0)"
805,GI01SUMO-RII11-02-CTDBPP031,recovered_inst,ctdbp_cdef_instrument_recovered,PD2819,ctdbp_seawater_temperature,ºC,TEMPWAT_L1,L1,"(None, None)"
808,GI01SUMO-RII11-02-CTDBPP032,recovered_inst,ctdbp_cdef_instrument_recovered,PD2819,ctdbp_seawater_temperature,ºC,TEMPWAT_L1,L1,"(None, None)"
811,GI01SUMO-RII11-02-CTDBPP033,recovered_inst,ctdbp_cdef_instrument_recovered,PD2819,ctdbp_seawater_temperature,ºC,TEMPWAT_L1,L1,"(None, None)"
814,GS01SUMO-RID16-03-CTDBPF000,recovered_inst,ctdbp_cdef_instrument_recovered,PD2819,ctdbp_seawater_temperature,ºC,TEMPWAT_L1,L1,"(-2.0, 40.0)"
820,GS01SUMO-RII11-02-CTDBPP032,recovered_inst,ctdbp_cdef_instrument_recovered,PD2819,ctdbp_seawater_temperature,ºC,TEMPWAT_L1,L1,"(None, None)"
824,GS01SUMO-RII11-02-CTDBPP033,recovered_inst,ctdbp_cdef_instrument_recovered,PD2819,ctdbp_seawater_temperature,ºC,TEMPWAT_L1,L1,"(None, None)"
827,CP01CNSM-MFD37-03-CTDBPD000,recovered_inst,ctdbp_cdef_instrument_recovered,PD2820,ctdbp_seawater_pressure,dbar,PRESWAT_L1,L1,"(0.0, 6000.0)"
830,CP01CNSM-RID27-03-CTDBPC000,recovered_inst,ctdbp_cdef_instrument_recovered,PD2820,ctdbp_seawater_pressure,dbar,PRESWAT_L1,L1,"(0.0, 6000.0)"
833,CP03ISSM-MFD37-03-CTDBPD000,recovered_inst,ctdbp_cdef_instrument_recovered,PD2820,ctdbp_seawater_pressure,dbar,PRESWAT_L1,L1,"(0.0, 6000.0)"
835,CP03ISSM-RID27-03-CTDBPC000,bad_recovered_inst,ctdbp_cdef_instrument_recovered,PD2820,ctdbp_seawater_pressure,dbar,PRESWAT_L1,L1,"(0.0, 6000.0)"
838,CP03ISSM-RID27-03-CTDBPC000,recovered_inst,ctdbp_cdef_instrument_recovered,PD2820,ctdbp_seawater_pressure,dbar,PRESWAT_L1,L1,"(0.0, 6000.0)"
841,CP04OSSM-MFD37-03-CTDBPE000,recovered_inst,ctdbp_cdef_instrument_recovered,PD2820,ctdbp_seawater_pressure,dbar,PRESWAT_L1,L1,"(0.0, 6000.0)"
844,CP04OSSM-RID27-03-CTDBPC000,recovered_inst,ctdbp_cdef_instrument_recovered,PD2820,ctdbp_seawater_pressure,dbar,PRESWAT_L1,L1,"(0.0, 6000.0)"
846,GA01SUMO-RID16-03-CTDBPF000,bad_recovered_inst,ctdbp_cdef_instrument_recovered,PD2820,ctdbp_seawater_pressure,dbar,PRESWAT_L1,L1,"(0.0, 6000.0)"
848,GA01SUMO-RID16-03-CTDBPF000,recovered_inst,ctdbp_cdef_instrument_recovered,PD2820,ctdbp_seawater_pressure,dbar,PRESWAT_L1,L1,"(0.0, 6000.0)"
851,GA01SUMO-RII11-02-CTDBPP031,recovered_inst,ctdbp_cdef_instrument_recovered,PD2820,ctdbp_seawater_pressure,dbar,PRESWAT_L1,L1,"(None, None)"
854,GA01SUMO-RII11-02-CTDBPP032,recovered_inst,ctdbp_cdef_instrument_recovered,PD2820,ctdbp_seawater_pressure,dbar,PRESWAT_L1,L1,"(None, None)"
857,GA01SUMO-RII11-02-CTDBPP033,recovered_inst,ctdbp_cdef_instrument_recovered,PD2820,ctdbp_seawater_pressure,dbar,PRESWAT_L1,L1,"(None, None)"
859,GI01SUMO-RID16-03-CTDBPF000,bad_recovered_inst,ctdbp_cdef_instrument_recovered,PD2820,ctdbp_seawater_pressure,dbar,PRESWAT_L1,L1,"(0.0, 6000.0)"
861,GI01SUMO-RID16-03-CTDBPF000,recovered_inst,ctdbp_cdef_instrument_recovered,PD2820,ctdbp_seawater_pressure,dbar,PRESWAT_L1,L1,"(0.0, 6000.0)"
864,GI01SUMO-RII11-02-CTDBPP031,recovered_inst,ctdbp_cdef_instrument_recovered,PD2820,ctdbp_seawater_pressure,dbar,PRESWAT_L1,L1,"(None, None)"
867,GI01SUMO-RII11-02-CTDBPP032,recovered_inst,ctdbp_cdef_instrument_recovered,PD2820,ctdbp_seawater_pressure,dbar,PRESWAT_L1,L1,"(None, None)"
870,GI01SUMO-RII11-02-CTDBPP033,recovered_inst,ctdbp_cdef_instrument_recovered,PD2820,ctdbp_seawater_pressure,dbar,PRESWAT_L1,L1,"(None, None)"
873,GS01SUMO-RID16-03-CTDBPF000,recovered_inst,ctdbp_cdef_instrument_recovered,PD2820,ctdbp_seawater_pressure,dbar,PRESWAT_L1,L1,"(0.0, 6000.0)"
879,GS01SUMO-RII11-02-CTDBPP032,recovered_inst,ctdbp_cdef_instrument_recovered,PD2820,ctdbp_seawater_pressure,dbar,PRESWAT_L1,L1,"(None, None)"
883,GS01SUMO-RII11-02-CTDBPP033,recovered_inst,ctdbp_cdef_instrument_recovered,PD2820,ctdbp_seawater_pressure,dbar,PRESWAT_L1,L1,"(None, None)"
886,CP01CNSM-MFD37-03-CTDBPD000,recovered_inst,ctdbp_cdef_instrument_recovered,PD2821,ctdbp_seawater_conductivity,S m-1,CONDWAT_L1,L1,"(0.0, 6.0)"
889,CP01CNSM-RID27-03-CTDBPC000,recovered_inst,ctdbp_cdef_instrument_recovered,PD2821,ctdbp_seawater_conductivity,S m-1,CONDWAT_L1,L1,"(0.0, 6.0)"
892,CP03ISSM-MFD37-03-CTDBPD000,recovered_inst,ctdbp_cdef_instrument_recovered,PD2821,ctdbp_seawater_conductivity,S m-1,CONDWAT_L1,L1,"(0.0, 6.0)"
894,CP03ISSM-RID27-03-CTDBPC000,bad_recovered_inst,ctdbp_cdef_instrument_recovered,PD2821,ctdbp_seawater_conductivity,S m-1,CONDWAT_L1,L1,"(0.0, 6.0)"
897,CP03ISSM-RID27-03-CTDBPC000,recovered_inst,ctdbp_cdef_instrument_recovered,PD2821,ctdbp_seawater_conductivity,S m-1,CONDWAT_L1,L1,"(0.0, 6.0)"
900,CP04OSSM-MFD37-03-CTDBPE000,recovered_inst,ctdbp_cdef_instrument_recovered,PD2821,ctdbp_seawater_conductivity,S m-1,CONDWAT_L1,L1,"(0.0, 6.0)"
903,CP04OSSM-RID27-03-CTDBPC000,recovered_inst,ctdbp_cdef_instrument_recovered,PD2821,ctdbp_seawater_conductivity,S m-1,CONDWAT_L1,L1,"(0.0, 6.0)"
905,GA01SUMO-RID16-03-CTDBPF000,bad_recovered_inst,ctdbp_cdef_instrument_recovered,PD2821,ctdbp_seawater_conductivity,S m-1,CONDWAT_L1,L1,"(0.0, 6.0)"
907,GA01SUMO-RID16-03-CTDBPF000,recovered_inst,ctdbp_cdef_instrument_recovered,PD2821,ctdbp_seawater_conductivity,S m-1,CONDWAT_L1,L1,"(0.0, 6.0)"
910,GA01SUMO-RII11-02-CTDBPP031,recovered_inst,ctdbp_cdef_instrument_recovered,PD2821,ctdbp_seawater_conductivity,S m-1,CONDWAT_L1,L1,"(None, None)"
913,GA01SUMO-RII11-02-CTDBPP032,recovered_inst,ctdbp_cdef_instrument_recovered,PD2821,ctdbp_seawater_conductivity,S m-1,CONDWAT_L1,L1,"(None, None)"
916,GA01SUMO-RII11-02-CTDBPP033,recovered_inst,ctdbp_cdef_instrument_recovered,PD2821,ctdbp_seawater_conductivity,S m-1,CONDWAT_L1,L1,"(None, None)"
918,GI01SUMO-RID16-03-CTDBPF000,bad_recovered_inst,ctdbp_cdef_instrument_recovered,PD2821,ctdbp_seawater_conductivity,S m-1,CONDWAT_L1,L1,"(0.0, 6.0)"
920,GI01SUMO-RID16-03-CTDBPF000,recovered_inst,ctdbp_cdef_instrument_recovered,PD2821,ctdbp_seawater_conductivity,S m-1,CONDWAT_L1,L1,"(0.0, 6.0)"
923,GI01SUMO-RII11-02-CTDBPP031,recovered_inst,ctdbp_cdef_instrument_recovered,PD2821,ctdbp_seawater_conductivity,S m-1,CONDWAT_L1,L1,"(None, None)"
926,GI01SUMO-RII11-02-CTDBPP032,recovered_inst,ctdbp_cdef_instrument_recovered,PD2821,ctdbp_seawater_conductivity,S m-1,CONDWAT_L1,L1,"(None, None)"
929,GI01SUMO-RII11-02-CTDBPP033,recovered_inst,ctdbp_cdef_instrument_recovered,PD2821,ctdbp_seawater_conductivity,S m-1,CONDWAT_L1,L1,"(None, None)"
932,GS01SUMO-RID16-03-CTDBPF000,recovered_inst,ctdbp_cdef_instrument_recovered,PD2821,ctdbp_seawater_conductivity,S m-1,CONDWAT_L1,L1,"(0.0, 6.0)"
938,GS01SUMO-RII11-02-CTDBPP032,recovered_inst,ctdbp_cdef_instrument_recovered,PD2821,ctdbp_seawater_conductivity,S m-1,CONDWAT_L1,L1,"(None, None)"
942,GS01SUMO-RII11-02-CTDBPP033,recovered_inst,ctdbp_cdef_instrument_recovered,PD2821,ctdbp_seawater_conductivity,S m-1,CONDWAT_L1,L1,"(None, None)"
